timestamp,building_kw,potencia_solicitada_prevista_kw,potencia_solicitada_alta_kw,energia_solicitada_prevista_kwh,carregadores_ocupados_previstos,carros_chegando_previstos,carros_na_fila_previstos,probabilidade_fila,solar_previsto_kw
2026-09-07T12:00:00,132.08276971373002,13.0131025,31.291103640870475,3.253275625,3.2189254713892894,0.42720754144360334,0.556678549489742,0.45226594443721285,26.1744
2026-09-07T12:15:00,131.95602037871853,13.0131025,32.24134149178303,3.253275625,3.1932043389482616,0.41668314154206965,0.48087627450427367,0.45226594443721285,25.2519
2026-09-07T12:30:00,132.66959631936427,16.67839632746326,32.996518099578665,4.169599081865815,3.7278466226823475,0.4862569216572075,0.5894162742540887,0.42073036825815285,24.8583
2026-09-07T12:45:00,133.00299019041358,19.810112239981077,34.2529996481379,4.952528059995269,3.730883912773675,0.5599681400646127,0.7081717261491305,0.47666553455510424,24.809099999999997
2026-09-07T13:00:00,183.37468015529808,22.376100431262955,37.288111900212,5.594025107815739,3.7329901190559767,0.5283237164116873,0.7428969377771946,0.49582318402928016,25.1166
2026-09-07T13:15:00,184.10430149990475,21.338306515990368,36.19470254784495,5.334576628997592,3.7329901190559767,0.5576732156611991,0.7319351065297817,0.49921444928222664,25.5963
2026-09-07T13:30:00,183.84690923948546,27.34099478578542,38.51813627869205,6.835248696446355,3.7329901190559767,0.6957338118253203,0.7896342090066687,0.5924574640376266,26.100599999999996
2026-09-07T13:45:00,183.41461328640588,23.345981744768242,39.37167291981567,5.8364954361920605,3.7329901190559767,0.8579557816368097,0.8172408669478669,0.4945445921094264,26.912399999999998
2026-09-07T14:00:00,182.43536757606597,18.10178283281831,35.946838013904134,4.525445708204577,3.7299511143148183,0.7362623923988075,0.9857281511476257,0.5287573470073572,27.601199999999995
2026-09-07T14:15:00,183.42434283325977,22.05948417273087,39.830249530736445,5.514871043182717,3.7329901190559767,1.1092670147658894,1.2303722830938757,0.5911332396342336,27.798
2026-09-07T14:30:00,184.32710294403765,23.572838896429232,42.74375194366613,5.893209724107308,3.7329901190559767,0.9670561934901912,1.540543364877025,0.6504989620021079,27.2322
2026-09-07T14:45:00,183.72890789524985,28.113086936140206,42.795111331724705,7.028271734035052,3.7329901190559767,1.0462050145846933,1.6442907238813167,0.6864053341133802,26.1375
2026-09-07T15:00:00,185.50374221676705,29.860393903226303,43.02023808917104,7.465098475806576,3.7329901190559767,1.0002610106456156,1.5646076553690667,0.7628219848125019,24.649199999999997
2026-09-07T15:15:00,189.43677823901587,30.74463932243743,42.795111331724705,7.686159830609357,3.7329901190559767,0.8891779185239604,1.6500329899612851,0.7750572406744107,22.6935
2026-09-07T15:30:00,190.71663928776078,31.96042976098231,42.89640324511215,7.990107440245578,3.7329901190559767,0.8884666289788696,1.7369231999833212,0.8004985255388753,20.6271
2026-09-07T15:45:00,195.0357941590293,28.245522574103035,43.005174775214236,7.061380643525759,3.730883912773675,0.854519757081809,1.387201841611201,0.6829203879133481,18.327
2026-09-07T16:00:00,199.67635903672945,27.616476891603035,42.85319843580353,6.904119222900759,3.730883912773675,0.8806516250531916,1.3279615150279478,0.6829203879133481,15.891599999999999
2026-09-07T16:15:00,199.41371232002,30.209433595485017,43.005174775214236,7.552358398871254,3.7463364400775867,0.6409735145809151,1.2305275431112812,0.6156083173341232,13.136399999999998
2026-09-07T16:30:00,199.5087055433366,32.003855413482306,43.45375107519437,8.000963853370576,3.539559247689576,0.6504425993099249,0.9128161618574299,0.5363748958702664,10.2213
2026-09-07T16:45:00,195.99398752994284,30.601843269064286,43.142395718317395,7.6504608172660715,3.413206098920024,0.4714962641369391,0.8491984153072926,0.3865687485638683,7.097099999999999
2026-09-07T17:00:00,154.44808204478085,30.54587167614301,43.142395718317395,7.636467919035752,3.393592497213418,0.43322602486707035,0.49062776157163296,0.3763941885603682,4.3296
2026-09-07T17:15:00,156.60757970191344,30.27814248519201,42.26023052748399,7.5695356212980025,3.189934788671135,0.4640617484524306,0.6406099025570164,0.30086698976498877,2.3862
2026-09-07T17:30:00,154.18487716752082,28.073074459365877,38.029945823300544,7.018268614841469,2.967709239645316,0.291575586126467,0.6018939349557209,0.3190377234716711,1.0700999999999998
2026-09-07T17:45:00,156.59848540433313,30.03306222019201,37.576681703877746,7.508265555048003,2.827120734768093,0.32872278417624945,0.5544799783760995,0.3076853916471994,0.0
2026-09-07T18:00:00,136.98194741014606,24.91580816432899,37.769969526350096,6.228952041082247,2.7399648653532145,0.31710185545512176,0.3276816489838107,0.25407946970378603,0.0
2026-09-07T18:15:00,138.61751793466058,23.11502081223702,37.54609350311624,5.778755203059255,2.650107477435314,0.26692921622242044,0.2578546302733893,0.19223290699979834,0.0
2026-09-07T18:30:00,140.0599759473964,21.845854529309193,33.06875944853208,5.461463632327298,2.351935135231425,0.2026828887117656,0.10885817456747905,0.08521597368190592,0.0
2026-09-07T18:45:00,139.12662617197333,19.148547682665146,32.20402408329828,4.787136920666287,1.9259148355873763,0.14897621802888253,0.05055906722662113,0.04152434895363781,0.0
2026-09-07T19:00:00,96.12517902705392,13.885026607149541,28.444875948514184,3.4712566517873853,1.7428083829112082,0.1454989702028782,0.035366929210830234,0.031331963605160724,0.0
2026-09-07T19:15:00,101.08672202258039,7.791614416242625,25.667596477984137,1.9479036040606563,1.6290620877136721,0.15271662020269597,0.040957175185054824,0.03030501967101698,0.0
2026-09-07T19:30:00,99.73240601063665,6.394851593931024,20.69642180491761,1.598712898482756,1.4528998976830638,0.19472319793322082,0.024242871031872087,0.01359005156082855,0.0
2026-09-07T19:45:00,96.50197606952071,3.795864486335202,15.45550382653577,0.9489661215838004,0.9801589376639019,0.02524553261881243,0.010846915446891505,0.00759032898974587,0.0
2026-09-07T20:00:00,88.2499342361954,2.834783471335202,12.296292576996258,0.7086958678338005,0.7729156347748652,0.0009029836578652792,0.004295293293653326,0.0034323239930185725,0.0
2026-09-07T20:15:00,85.72878791150978,2.834783471335202,12.013050950584258,0.7086958678338005,0.6914222260549711,0.0009029836578652792,0.004295293293653326,0.0034323239930185725,0.0
2026-09-07T20:30:00,81.15770127429717,2.834783471335202,10.920462405340793,0.7086958678338005,0.6029065155546098,0.0009029836578652792,0.004295293293653326,0.0034323239930185725,0.0
2026-09-07T20:45:00,77.07364360386255,2.834783471335202,8.654394151779005,0.7086958678338005,0.5743376182577133,0.0009029836578652792,0.004295293293653326,0.0034323239930185725,0.0
2026-09-07T21:00:00,78.63970748823297,2.834783471335202,10.22421451121708,0.7086958678338005,0.40878960031764267,0.0009029836578652792,0.004295293293653326,0.0034323239930185725,0.0
2026-09-07T21:15:00,81.64559852421081,2.834783471335202,6.527398492768294,0.7086958678338005,0.39346231983254576,0.0009029836578652792,0.004295293293653326,0.0034323239930185725,0.0
2026-09-07T21:30:00,80.8842483490076,2.834783471335202,6.44875886666821,0.7086958678338005,0.2659110022568469,0.0009029836578652792,0.004295293293653326,0.0034323239930185725,0.0
2026-09-07T21:45:00,82.82766286034673,2.834783471335202,6.44875886666821,0.7086958678338005,0.20483835311055706,0.0009029836578652792,0.004295293293653326,0.0034323239930185725,0.0
2026-09-07T22:00:00,19.647181336578853,1.192219098835202,5.324658746601182,0.2980547747088005,0.16574313091472528,0.0009029836578652792,0.004295293293653326,0.0034323239930185725,0.0
2026-09-07T22:15:00,21.492492464363878,0.09717618383520184,0.09717618383520184,0.02429404595880046,0.14786774835931163,0.0008878183077091157,0.004295293293653326,0.0034323239930185725,0.0
2026-09-07T22:30:00,20.81096748636795,0.09717618383520184,0.09717618383520184,0.02429404595880046,0.13543748155049493,0.0008878183077091157,0.004295293293653326,0.0034323239930185725,0.0
2026-09-07T22:45:00,21.572319610520235,0.09717618383520184,0.09717618383520184,0.02429404595880046,0.12799473293177838,0.0008878183077091157,0.004295293293653326,0.0034323239930185725,0.0
2026-09-07T23:00:00,21.746870374312852,0.09717618383520184,0.09717618383520184,0.02429404595880046,0.1225218880337011,0.0008878183077091157,0.004295293293653326,0.0034323239930185725,0.0
2026-09-07T23:15:00,22.426053403825414,0.09717618383520184,0.09717618383520184,0.02429404595880046,0.11221497421147837,0.0008878183077091157,0.004295293293653326,0.0034323239930185725,0.0
2026-09-07T23:30:00,22.42177861912159,0.09717618383520184,0.09717618383520184,0.02429404595880046,0.11221497421147837,0.0008878183077091157,0.004295293293653326,0.0034323239930185725,0.0
2026-09-07T23:45:00,22.435799355474195,0.09717618383520184,0.09717618383520184,0.02429404595880046,0.11221497421147837,0.0008878183077091157,0.004295293293653326,0.0034323239930185725,0.0
