battery_charge_kw,battery_discharge_kw,battery_energy_kwh,ev_served_kw,ev_block_limit_kw,grid_over_target_kw,ev_unserved_kw,ev_q90_headroom_shortfall_kw,reserve_deficit_kwh,timestamp,building_kw,ev_expected_kw,ev_high_kw,solar_disponivel_kw,solar_utilizado_kw,battery_soc_before_pct,battery_soc_after_pct,grid_import_plan_kw,grid_export_plan_kw,grid_capacity_over_target_kw
0.0,0.0,100.0,13.0131025,31.291103640870475,0,-0.0,-0.0,0.0,2026-09-07 12:00:00,132.08276971373002,13.0131025,31.291103640870475,26.1744,26.1744,50.0,50.0,118.92147221373003,0.0,0.0
0.0,0.0,100.0,13.0131025,32.24134149178303,0,-0.0,-0.0,0.0,2026-09-07 12:15:00,131.95602037871853,13.0131025,32.24134149178303,25.2519,25.2519,50.0,50.0,119.71722287871853,0.0,0.0
0.0,0.0,100.0,16.67839632746326,32.996518099578665,0,-0.0,-0.0,0.0,2026-09-07 12:30:00,132.66959631936427,16.67839632746326,32.996518099578665,24.8583,24.8583,50.0,50.0,124.48969264682754,0.0,0.0
0.0,0.0,100.0,19.810112239981077,34.2529996481379,0,-0.0,-0.0,0.0,2026-09-07 12:45:00,133.00299019041358,19.810112239981077,34.2529996481379,24.809099999999997,24.809099999999997,50.0,50.0,128.00400243039465,0.0,0.0
0.0,100.0,73.6842105263158,22.376100431262955,37.288111900212,0,-0.0,-0.0,0.0,2026-09-07 13:00:00,183.37468015529808,22.376100431262955,37.288111900212,25.1166,25.1166,50.0,36.8421052631579,80.63418058656103,0.0,0.0
0.0,0.0,73.6842105263158,21.338306515990368,36.19470254784495,0,-0.0,-0.0,0.0,2026-09-07 13:15:00,184.10430149990475,21.338306515990368,36.19470254784495,25.5963,25.5963,36.8421052631579,36.8421052631579,179.84630801589515,0.0,0.0
0.0,0.0,73.6842105263158,27.34099478578542,38.51813627869205,0,-0.0,-0.0,0.0,2026-09-07 13:30:00,183.84690923948546,27.34099478578542,38.51813627869205,26.100599999999996,26.100599999999996,36.8421052631579,36.8421052631579,185.0873040252709,0.0,0.0
0.0,0.0,73.6842105263158,23.345981744768242,39.37167291981567,0,-0.0,-0.0,0.0,2026-09-07 13:45:00,183.41461328640588,23.345981744768242,39.37167291981567,26.912399999999998,26.912399999999998,36.8421052631579,36.8421052631579,179.84819503117413,0.0,0.0
0.0,52.00000000000002,60.0,18.10178283281831,35.946838013904134,0,-0.0,-0.0,0.0,2026-09-07 14:00:00,182.43536757606597,18.10178283281831,35.946838013904134,27.601199999999995,27.601199999999995,36.8421052631579,30.0,120.93595040888425,0.0,0.0
0.0,-0.0,60.0,22.05948417273087,39.830249530736445,0,-0.0,-0.0,0.0,2026-09-07 14:15:00,183.42434283325977,22.05948417273087,39.830249530736445,27.798,27.798,30.0,30.0,177.68582700599063,0.0,0.0
0.0,0.0,60.0,23.572838896429232,42.74375194366613,0,-0.0,-0.0,0.0,2026-09-07 14:30:00,184.32710294403765,23.572838896429232,42.74375194366613,27.2322,27.2322,30.0,30.0,180.66774184046687,0.0,0.0
0.0,0.0,60.0,28.113086936140206,42.795111331724705,0,-0.0,-0.0,0.0,2026-09-07 14:45:00,183.72890789524985,28.113086936140206,42.795111331724705,26.1375,26.1375,30.0,30.0,185.70449483139006,0.0,0.0
0.0,0.0,60.0,29.860393903226303,43.02023808917104,0,-0.0,-0.0,0.0,2026-09-07 15:00:00,185.50374221676705,29.860393903226303,43.02023808917104,24.649199999999997,24.649199999999997,30.0,30.0,190.71493611999335,0.0,0.0
0.0,0.0,60.0,30.74463932243743,42.795111331724705,0,-0.0,-0.0,0.0,2026-09-07 15:15:00,189.43677823901587,30.74463932243743,42.795111331724705,22.6935,22.6935,30.0,30.0,197.4879175614533,0.0,0.0
0.0,0.0,60.0,31.96042976098231,42.89640324511215,0,-0.0,-0.0,0.0,2026-09-07 15:30:00,190.71663928776078,31.96042976098231,42.89640324511215,20.6271,20.6271,30.0,30.0,202.0499690487431,0.0,0.0
0.0,0.0,60.0,28.245522574103035,43.005174775214236,0,-0.0,-0.0,0.0,2026-09-07 15:45:00,195.0357941590293,28.245522574103035,43.005174775214236,18.327,18.327,30.0,30.0,204.95431673313234,0.0,0.0
0.0,0.0,60.0,27.616476891603035,42.85319843580353,0,-0.0,-0.0,0.0,2026-09-07 16:00:00,199.67635903672945,27.616476891603035,42.85319843580353,15.891599999999999,15.891599999999999,30.0,30.0,211.40123592833248,0.0,0.0
0.0,0.0,60.0,30.209433595485017,43.005174775214236,0,-0.0,-0.0,0.0,2026-09-07 16:15:00,199.41371232002,30.209433595485017,43.005174775214236,13.136399999999998,13.136399999999998,30.0,30.0,216.48674591550503,0.0,0.0
0.0,0.0,60.0,32.003855413482306,43.45375107519437,0,-0.0,-0.0,0.0,2026-09-07 16:30:00,199.5087055433366,32.003855413482306,43.45375107519437,10.2213,10.2213,30.0,30.0,221.29126095681892,0.0,0.0
0.0,0.0,60.0,30.601843269064286,43.142395718317395,0,-0.0,-0.0,0.0,2026-09-07 16:45:00,195.99398752994284,30.601843269064286,43.142395718317395,7.097099999999999,7.097099999999999,30.0,30.0,219.49873079900712,0.0,0.0
0.0,0.0,60.0,30.54587167614301,43.142395718317395,0,-0.0,-0.0,0.0,2026-09-07 17:00:00,154.44808204478085,30.54587167614301,43.142395718317395,4.3296,4.3296,30.0,30.0,180.66435372092386,0.0,0.0
0.0,-0.0,60.0,30.27814248519201,42.26023052748399,0,-0.0,-0.0,0.0,2026-09-07 17:15:00,156.60757970191344,30.27814248519201,42.26023052748399,2.3862,2.3862,30.0,30.0,184.49952218710544,0.0,0.0
0.0,-0.0,60.0,28.073074459365877,38.029945823300544,0,-0.0,-0.0,0.0,2026-09-07 17:30:00,154.18487716752082,28.073074459365877,38.029945823300544,1.0700999999999998,1.0700999999999998,30.0,30.0,181.1878516268867,0.0,0.0
0.0,0.0,60.0,30.03306222019201,37.576681703877746,0,-0.0,-0.0,0.0,2026-09-07 17:45:00,156.59848540433313,30.03306222019201,37.576681703877746,0.0,0.0,30.0,30.0,186.63154762452515,0.0,0.0
0.0,-0.0,60.0,24.91580816432899,37.769969526350096,0,-0.0,-0.0,0.0,2026-09-07 18:00:00,136.98194741014606,24.91580816432899,37.769969526350096,0.0,0.0,30.0,30.0,161.89775557447504,0.0,0.0
0.0,0.0,60.0,23.11502081223702,37.54609350311624,0,-0.0,-0.0,0.0,2026-09-07 18:15:00,138.61751793466058,23.11502081223702,37.54609350311624,0.0,0.0,30.0,30.0,161.7325387468976,0.0,0.0
0.0,-0.0,60.0,21.845854529309193,33.06875944853208,0,-0.0,-0.0,0.0,2026-09-07 18:30:00,140.0599759473964,21.845854529309193,33.06875944853208,0.0,0.0,30.0,30.0,161.9058304767056,0.0,0.0
0.0,-0.0,60.0,19.148547682665146,32.20402408329828,0,-0.0,-0.0,0.0,2026-09-07 18:45:00,139.12662617197333,19.148547682665146,32.20402408329828,0.0,0.0,30.0,30.0,158.27517385463847,0.0,0.0
0.0,0.0,60.0,13.885026607149541,28.444875948514184,0,-0.0,-0.0,0.0,2026-09-07 19:00:00,96.12517902705392,13.885026607149541,28.444875948514184,0.0,0.0,30.0,30.0,110.01020563420346,0.0,0.0
0.0,0.0,60.0,7.791614416242625,25.667596477984137,0,-0.0,-0.0,0.0,2026-09-07 19:15:00,101.08672202258039,7.791614416242625,25.667596477984137,0.0,0.0,30.0,30.0,108.87833643882301,0.0,0.0
0.0,0.0,60.0,6.394851593931024,20.69642180491761,0,-0.0,-0.0,0.0,2026-09-07 19:30:00,99.73240601063665,6.394851593931024,20.69642180491761,0.0,0.0,30.0,30.0,106.12725760456767,0.0,0.0
0.0,0.0,60.0,3.795864486335202,15.45550382653577,0,-0.0,-0.0,0.0,2026-09-07 19:45:00,96.50197606952071,3.795864486335202,15.45550382653577,0.0,0.0,30.0,30.0,100.29784055585591,0.0,0.0
0.0,-0.0,60.0,2.834783471335202,12.296292576996258,0,-0.0,-0.0,0.0,2026-09-07 20:00:00,88.2499342361954,2.834783471335202,12.296292576996258,0.0,0.0,30.0,30.0,91.0847177075306,0.0,0.0
0.0,0.0,60.0,2.834783471335202,12.013050950584258,0,-0.0,-0.0,0.0,2026-09-07 20:15:00,85.72878791150978,2.834783471335202,12.013050950584258,0.0,0.0,30.0,30.0,88.56357138284498,0.0,0.0
0.0,0.0,60.0,2.834783471335202,10.920462405340793,0,-0.0,-0.0,0.0,2026-09-07 20:30:00,81.15770127429717,2.834783471335202,10.920462405340793,0.0,0.0,30.0,30.0,83.99248474563237,0.0,0.0
0.0,0.0,60.0,2.834783471335202,8.654394151779005,0,-0.0,-0.0,0.0,2026-09-07 20:45:00,77.07364360386255,2.834783471335202,8.654394151779005,0.0,0.0,30.0,30.0,79.90842707519775,0.0,0.0
0.0,-0.0,60.0,2.834783471335202,10.22421451121708,0,-0.0,-0.0,0.0,2026-09-07 21:00:00,78.63970748823297,2.834783471335202,10.22421451121708,0.0,0.0,30.0,30.0,81.47449095956817,0.0,0.0
0.0,-0.0,60.0,2.834783471335202,6.527398492768294,0,-0.0,-0.0,0.0,2026-09-07 21:15:00,81.64559852421081,2.834783471335202,6.527398492768294,0.0,0.0,30.0,30.0,84.48038199554601,0.0,0.0
0.0,0.0,60.0,2.834783471335202,6.44875886666821,0,-0.0,-0.0,0.0,2026-09-07 21:30:00,80.8842483490076,2.834783471335202,6.44875886666821,0.0,0.0,30.0,30.0,83.7190318203428,0.0,0.0
0.0,0.0,60.0,2.834783471335202,6.44875886666821,0,-0.0,-0.0,0.0,2026-09-07 21:45:00,82.82766286034673,2.834783471335202,6.44875886666821,0.0,0.0,30.0,30.0,85.66244633168193,0.0,0.0
0.0,0.0,60.0,1.192219098835202,5.324658746601182,0,-0.0,-0.0,0.0,2026-09-07 22:00:00,19.647181336578853,1.192219098835202,5.324658746601182,0.0,0.0,30.0,30.0,20.839400435414056,0.0,0.0
0.0,0.0,60.0,0.09717618383520184,0.09717618383520184,0,-0.0,-0.0,0.0,2026-09-07 22:15:00,21.492492464363878,0.09717618383520184,0.09717618383520184,0.0,0.0,30.0,30.0,21.58966864819908,0.0,0.0
0.0,0.0,60.0,0.09717618383520184,0.09717618383520184,0,-0.0,-0.0,0.0,2026-09-07 22:30:00,20.81096748636795,0.09717618383520184,0.09717618383520184,0.0,0.0,30.0,30.0,20.908143670203152,0.0,0.0
0.0,0.0,60.0,0.09717618383520184,0.09717618383520184,0,-0.0,-0.0,0.0,2026-09-07 22:45:00,21.572319610520235,0.09717618383520184,0.09717618383520184,0.0,0.0,30.0,30.0,21.669495794355438,0.0,0.0
0.0,0.0,60.0,0.09717618383520184,0.09717618383520184,0,-0.0,-0.0,0.0,2026-09-07 23:00:00,21.746870374312852,0.09717618383520184,0.09717618383520184,0.0,0.0,30.0,30.0,21.844046558148055,0.0,0.0
0.0,-0.0,60.0,0.09717618383520184,0.09717618383520184,0,-0.0,-0.0,0.0,2026-09-07 23:15:00,22.426053403825414,0.09717618383520184,0.09717618383520184,0.0,0.0,30.0,30.0,22.523229587660616,0.0,0.0
0.0,0.0,60.0,0.09717618383520184,0.09717618383520184,0,-0.0,-0.0,0.0,2026-09-07 23:30:00,22.42177861912159,0.09717618383520184,0.09717618383520184,0.0,0.0,30.0,30.0,22.51895480295679,0.0,0.0
0.0,0.0,60.0,0.09717618383520184,0.09717618383520184,0,-0.0,-0.0,0.0,2026-09-07 23:45:00,22.435799355474195,0.09717618383520184,0.09717618383520184,0.0,0.0,30.0,30.0,22.532975539309398,0.0,0.0
