timestamp,building_kw,solar_kw,ev_demand_kw,soc_before_pct,soc_after_pct,battery_charge_kw,battery_discharge_kw,grid_import_kw,grid_export_kw,ev_block_limit_kw,ev_served_kw,ev_unserved_kw,evse_1_kw,evse_2_kw,evse_3_kw,evse_4_kw,status
2026-06-15 00:00:00,22.4,0.0,0.0,50.0,50.0,0,0.0,22.4,0,0.003403796796258166,0.0,0.0,0.0,0.0,0.0,0.0,ok
2026-06-15 00:15:00,22.4,0.0,0.0,50.0,50.0,0,0.0,22.4,0,0.003403796796258166,0.0,0.0,0.0,0.0,0.0,0.0,ok
2026-06-15 00:30:00,22.4,0.0,0.0,50.0,50.0,0,0.0,22.4,0,0.003403796796258166,0.0,0.0,0.0,0.0,0.0,0.0,ok
2026-06-15 00:45:00,22.4,0.0,0.0,50.0,50.0,0,0.0,22.4,0,0.003403796796258166,0.0,0.0,0.0,0.0,0.0,0.0,ok
2026-06-15 01:00:00,22.4,0.0,0.0,50.0,50.0,0,0.0,22.4,0,0.003403796796258166,0.0,0.0,0.0,0.0,0.0,0.0,ok
2026-06-15 01:15:00,22.4,0.0,0.0,50.0,50.0,0,0.0,22.4,0,0.003403796796258166,0.0,0.0,0.0,0.0,0.0,0.0,ok
2026-06-15 01:30:00,22.4,0.0,0.0,50.0,50.0,0,0.0,22.4,0,0.003403796796258166,0.0,0.0,0.0,0.0,0.0,0.0,ok
2026-06-15 01:45:00,22.4,0.0,0.0,50.0,50.0,0,0.0,22.4,0,0.003403796796258166,0.0,0.0,0.0,0.0,0.0,0.0,ok
2026-06-15 02:00:00,22.4,0.0,0.0,50.0,50.0,0,0.0,22.4,0,0.003403796796258166,0.0,0.0,0.0,0.0,0.0,0.0,ok
2026-06-15 02:15:00,22.4,0.0,0.0,50.0,50.0,0,0.0,22.4,0,0.003403796796258166,0.0,0.0,0.0,0.0,0.0,0.0,ok
2026-06-15 02:30:00,22.4,0.0,0.0,50.0,50.0,0,0.0,22.4,0,0.003403796796258166,0.0,0.0,0.0,0.0,0.0,0.0,ok
2026-06-15 02:45:00,22.4,0.0,0.0,50.0,47.78120387282256,0,16.862850566548556,5.537149433451443,0,0.003403796796258166,0.0,0.0,0.0,0.0,0.0,0.0,ok
2026-06-15 03:00:00,22.4,0.0,0.0,47.78120387282256,44.83383545176993,0,22.4,0.0,0,0.003403796796258166,0.0,0.0,0.0,0.0,0.0,0.0,ok
2026-06-15 03:15:00,22.4,0.0,0.0,44.83383545176993,44.83383545176993,0,0.0,22.4,0,0.003403796796258166,0.0,0.0,0.0,0.0,0.0,0.0,ok
2026-06-15 03:30:00,22.4,0.0,0.0,44.83383545176993,44.81804936548358,0,0.11997425577623916,22.28002574422376,0,0.003403796796258166,0.0,0.0,0.0,0.0,0.0,0.0,ok
2026-06-15 03:45:00,22.4,0.0,0.0,44.81804936548358,44.81804936548358,0,0.0,22.4,0,0.003403796796258166,0.0,0.0,0.0,0.0,0.0,0.0,ok
2026-06-15 04:00:00,22.4,0.0,0.0,44.81804936548358,44.81804936548358,0,0.0,22.4,0,0.003403796796258166,0.0,0.0,0.0,0.0,0.0,0.0,ok
2026-06-15 04:15:00,22.4,0.0,0.0,44.81804936548358,44.81804936548358,0,0.0,22.4,0,0.003403796796258166,0.0,0.0,0.0,0.0,0.0,0.0,ok
2026-06-15 04:30:00,22.4,0.0,0.0,44.81804936548358,44.817865477638165,0,0.0013975476251658848,22.39860245237483,0,0.003403796796258166,0.0,0.0,0.0,0.0,0.0,0.0,ok
2026-06-15 04:45:00,22.4,0.0,0.0,44.817865477638165,44.81786547763816,0,0.0,22.4,0,0.003403796796258166,0.0,0.0,0.0,0.0,0.0,0.0,ok
2026-06-15 05:00:00,22.4,0.0,0.0,44.81786547763816,44.81786547763816,0,0.0,22.4,0,0.003403796796258166,0.0,0.0,0.0,0.0,0.0,0.0,ok
2026-06-15 05:15:00,22.4,0.0,0.0,44.81786547763816,44.81786547763816,0,0.0,22.4,0,0.003403796796258166,0.0,0.0,0.0,0.0,0.0,0.0,ok
2026-06-15 05:30:00,22.4,0.0,0.0,44.81786547763816,44.81786547763816,0,0.0,22.4,0,0.003403796796258166,0.0,0.0,0.0,0.0,0.0,0.0,ok
2026-06-15 05:45:00,22.4,0.0,0.0,44.81786547763816,44.81786547763816,0,0.0,22.4,0,0.003403796796258166,0.0,0.0,0.0,0.0,0.0,0.0,ok
2026-06-15 06:00:00,22.4,0.0,0.0,44.81786547763816,44.81786547763816,0,0.0,22.4,0,0.003403796796258166,0.0,0.0,0.0,0.0,0.0,0.0,ok
2026-06-15 06:15:00,22.4,2.1413920444571035,0.0,44.81786547763816,44.81786547763816,0,0.0,20.258607955542896,0,13.914791774311544,0.0,0.0,0.0,0.0,0.0,0.0,ok
2026-06-15 06:30:00,22.4,5.537666385813053,0.0,44.81786547763816,44.81786547763816,0,0.0,16.862333614186944,0,19.413606335481457,0.0,0.0,0.0,0.0,0.0,0.0,ok
2026-06-15 06:45:00,22.4,9.65997751742706,11.58881454,44.81786547763816,44.81786547763816,0,0.0,24.32883702257294,0,26.17497226718879,11.58881454,0.0,22.0,0.0,0.0,0.0,ok
2026-06-15 07:00:00,79.615059,14.438137977628616,24.18719122,44.81786547763816,44.81786547763816,0,0.0,89.36411224237139,0,35.70199653908846,24.18719122,0.0,11.900665513029487,11.900665513029487,11.900665513029487,0.0,ok
2026-06-15 07:15:00,70.550095,19.89468057540565,38.48490986,44.81786547763816,39.45333838021975,0,40.770405940379916,48.36991834421444,0,43.42833272359682,38.48490986,0.0,10.857083180899204,10.857083180899204,10.857083180899204,10.857083180899204,ok
2026-06-15 07:30:00,71.807463,26.033812343258685,36.51946993,39.45333838021975,39.45333838021975,0,0.0,82.29312058674131,0,43.87947583017326,36.51946993,0.0,10.969868957543316,10.969868957543316,10.969868957543316,10.969868957543316,ok
2026-06-15 07:45:00,73.453458,32.77328874916812,21.92226535,39.45333838021975,39.45333838021975,0,0.0,62.602434600831884,0,49.456964482456875,21.92226535,0.0,12.364241120614219,12.364241120614219,12.364241120614219,12.364241120614219,ok
2026-06-15 08:00:00,305.886114,39.91329567079701,21.92226535,39.45333838021975,39.45333838021975,0,0.0,287.89508367920297,0,48.31560694397468,21.92226535,0.0,12.07890173599367,12.07890173599367,12.07890173599367,12.07890173599367,ok
2026-06-15 08:15:00,307.39752699999997,47.146071104255704,24.80774717,39.45333838021975,39.45333838021975,0,0.0,285.0592030657442,0,48.10440194925058,24.80774717,0.0,12.026100487312645,12.026100487312645,12.026100487312645,12.026100487312645,ok
2026-06-15 08:30:00,306.258742,54.10350600990697,43.56337897,39.45333838021975,39.45333838021975,0,0.0,295.718614960093,0,46.95978815167843,43.56337897,0.0,11.739947037919608,11.739947037919608,11.739947037919608,11.739947037919608,ok
2026-06-15 08:45:00,304.934593,60.430713364683626,43.56337897,39.45333838021975,39.45333838021975,0,0.0,288.06725860531634,0,47.62028050035477,43.56337897,0.0,11.905070125088692,11.905070125088692,11.905070125088692,11.905070125088692,ok
2026-06-15 09:00:00,198.566278,65.86625406845943,41.36919056,39.45333838021975,39.45333838021975,0,0.0,174.06921449154058,0,46.32344052842552,41.36919056,0.0,11.58086013210638,11.58086013210638,11.58086013210638,11.58086013210638,ok
2026-06-15 09:15:00,198.419519,70.30701790379533,25.70368857,39.45333838021975,39.45333838021975,0,0.0,153.81618966620468,0,46.420155709690604,25.70368857,0.0,11.605038927422651,11.605038927422651,11.605038927422651,11.605038927422651,ok
2026-06-15 09:30:00,198.29446,73.83876175558346,26.21015776,39.45333838021975,39.45333838021975,0,0.0,150.66585600441653,0,40.451147229042995,26.21015776,0.0,10.112786807260749,10.112786807260749,10.112786807260749,10.112786807260749,ok
2026-06-15 09:45:00,197.447839,76.72147108192404,25.46594355,39.45333838021975,39.45333838021975,0,0.0,146.19231146807596,0,40.864623843589335,25.46594355,0.0,10.216155960897334,10.216155960897334,10.216155960897334,10.216155960897334,ok
2026-06-15 10:00:00,197.072987,79.33007014448975,24.66657594,39.45333838021975,30.0,0,71.84537168967009,70.56412110584017,0,40.772564161709575,24.66657594,0.0,10.193141040427394,10.193141040427394,10.193141040427394,10.193141040427394,ok
2026-06-15 10:15:00,196.610899,82.0626868871579,24.11162755,30.0,30.0,0,0.0,138.6598396628421,0,39.6829314474656,24.11162755,0.0,9.9207328618664,9.9207328618664,9.9207328618664,9.9207328618664,ok
2026-06-15 10:30:00,196.140777,85.23764281498404,23.66896293,30.0,30.0,0,0.0,134.57209711501596,0,40.76584596064502,23.66896293,0.0,10.191461490161254,10.191461490161254,10.191461490161254,10.191461490161254,ok
2026-06-15 10:45:00,195.670529,89.00418417399459,18.24355681,30.0,30.0,0,0.0,124.9099016360054,0,37.63942077716769,18.24355681,0.0,9.409855194291923,9.409855194291923,9.409855194291923,9.409855194291923,ok
2026-06-15 11:00:00,195.672743,93.28956847577935,17.87205301,30.0,30.0,0,0.0,120.25522753422065,0,37.65502540389029,17.87205301,0.0,9.413756350972573,9.413756350972573,9.413756350972573,9.413756350972573,ok
2026-06-15 11:15:00,194.567439,97.79692747900732,11.52818083,30.0,30.0,0,0.0,108.29869235099268,0,35.19723416133155,11.52818083,0.0,8.799308540332888,8.799308540332888,8.799308540332888,8.799308540332888,ok
2026-06-15 11:30:00,193.42085,102.05629513555255,14.04124026,30.0,30.0,0,0.0,105.40579512444745,0,34.11993706877742,14.04124026,0.0,8.529984267194354,8.529984267194354,8.529984267194354,8.529984267194354,ok
2026-06-15 11:45:00,192.344784,105.5182795642339,13.0131025,30.0,30.0,0,0.0,99.83960693576611,0,33.27107550519726,13.0131025,0.0,8.317768876299315,8.317768876299315,8.317768876299315,8.317768876299315,ok
2026-06-15 12:00:00,135.669766,16.150394951506748,7.22390095,30.0,30.0,0,0.0,126.74327199849327,0,31.291103640870475,7.22390095,0.0,10.430367880290158,10.430367880290158,10.430367880290158,0.0,ok
2026-06-15 12:15:00,134.879848,16.221265592067944,5.54187685,30.0,30.0,0,0.0,124.20045925793207,0,32.24134149178303,5.54187685,0.0,16.120670745891516,16.120670745891516,0.0,0.0,ok
2026-06-15 12:30:00,133.265703,16.01903063925954,10.88914324,30.0,30.0,0,0.0,128.13581560074047,0,32.996518099578665,10.88914324,0.0,16.498259049789333,16.498259049789333,0.0,0.0,ok
2026-06-15 12:45:00,132.494018,15.560706401299175,22.64218492,30.0,30.0,0,0.0,139.57549651870085,0,34.2529996481379,22.64218492,0.0,11.417666549379302,11.417666549379302,11.417666549379302,0.0,ok
2026-06-15 13:00:00,180.682435,99.31840836929071,28.91605926,30.0,30.0,0,0.0,110.28008589070929,0,37.288111900212,28.91605926,0.0,12.429370633404002,12.429370633404002,12.429370633404002,0.0,ok
2026-06-15 13:15:00,180.743302,94.03194899314137,33.32942006,30.0,30.0,0,0.0,120.04077306685862,0,36.19470254784495,33.32942006,0.0,9.048675636961237,9.048675636961237,9.048675636961237,9.048675636961237,ok
2026-06-15 13:30:00,180.598023,88.42328510227769,16.06427249,30.0,30.0,0,0.0,108.23901038772233,0,38.51813627869205,16.06427249,0.0,12.839378759564015,12.839378759564015,12.839378759564015,0.0,ok
2026-06-15 13:45:00,180.512356,82.97137712122729,14.61238672,30.0,30.0,0,0.0,112.15336559877271,0,39.37167291981567,14.61238672,0.0,13.123890973271891,13.123890973271891,13.123890973271891,0.0,ok
2026-06-15 14:00:00,180.304076,77.99669852641641,21.78980165,30.0,30.0,0,0.0,124.09717912358362,0,35.946838013904134,21.78980165,0.0,11.982279337968045,11.982279337968045,11.982279337968045,0.0,ok
2026-06-15 14:15:00,180.08085,73.6092977488648,25.37850911,30.0,30.0,0,0.0,131.8500613611352,0,39.830249530736445,25.37850911,0.0,13.276749843578814,13.276749843578814,13.276749843578814,0.0,ok
2026-06-15 14:30:00,179.852438,69.70810843668917,26.69905455,30.0,30.0,0,0.0,136.84338411331083,0,42.74375194366613,26.69905455,0.0,10.685937985916533,10.685937985916533,10.685937985916533,10.685937985916533,ok
2026-06-15 14:45:00,179.623353,66.0292287678946,10.0114569,30.0,30.0,0,0.0,123.60558113210543,0,42.795111331724705,10.0114569,0.0,21.397555665862352,21.397555665862352,0.0,0.0,ok
2026-06-15 15:00:00,180.190651,62.22919272745551,88.0,30.0,30.0,0,0.0,205.9614582725445,0,88.0,88.0,0.0,22.0,22.0,22.0,22.0,ok
2026-06-15 15:15:00,180.787158,57.98139570836598,88.0,30.0,30.0,0,0.0,188.80576229163404,0,88.0,66.0,22.0,22.0,22.0,0.0,22.0,degraded
2026-06-15 15:30:00,181.409134,53.061682664511686,88.0,30.0,30.0,0,0.0,194.3474513354883,0,88.0,66.0,22.0,22.0,22.0,0.0,22.0,degraded
2026-06-15 15:45:00,182.058781,47.40304200660384,88.0,30.0,30.0,0,0.0,200.65573899339617,0,88.0,66.0,22.0,22.0,22.0,0.0,22.0,degraded
2026-06-15 16:00:00,182.400525,41.10819730131687,61.7321688,30.0,30.0,0,0.0,203.0244964986831,0,88.0,61.7321688,0.0,22.0,22.0,0.0,22.0,degraded
2026-06-15 16:15:00,182.748986,34.42025232339948,61.64912119,30.0,30.0,0,0.0,209.97785486660052,0,61.7321688,61.64912119,0.0,15.4330422,15.4330422,15.4330422,15.4330422,ok
2026-06-15 16:30:00,183.095852,27.662450293104396,48.02670028,30.0,30.0,0,0.0,203.4601019868956,0,61.64912119,48.02670028,0.0,15.4122802975,15.4122802975,15.4122802975,15.4122802975,ok
2026-06-15 16:45:00,184.354647,21.165815000861592,26.08596438,30.0,30.0,0,0.0,189.27479637913842,0,48.02670028,26.08596438,0.0,12.00667507,12.00667507,12.00667507,12.00667507,ok
2026-06-15 17:00:00,144.517914,15.206224585089505,24.71999593,30.0,30.0,0,0.0,154.0316853449105,0,42.18334465997949,24.71999593,0.0,10.545836164994872,10.545836164994872,10.545836164994872,10.545836164994872,ok
2026-06-15 17:15:00,144.373181,9.970306386053611,28.576262,30.0,30.0,0,0.0,162.97913661394637,0,41.816898864492295,28.576262,0.0,10.454224716123074,10.454224716123074,10.454224716123074,10.454224716123074,ok
2026-06-15 17:30:00,144.281218,5.565227266648745,12.64181437,30.0,30.0,0,0.0,151.35780510335124,0,38.89012781086913,12.64181437,0.0,12.963375936956378,12.963375936956378,12.963375936956378,0.0,ok
2026-06-15 17:45:00,144.197727,2.0932843784551416,4.28954299,30.0,30.0,0,0.0,146.39398561154485,0,39.17792121157495,4.28954299,0.0,19.588960605787474,19.588960605787474,0.0,0.0,ok
2026-06-15 18:00:00,120.331231,5.046506460609207e-21,7.21754948,30.0,30.0,0,0.0,127.54878048,0,39.34609456290237,7.21754948,0.0,19.673047281451186,19.673047281451186,0.0,0.0,ok
2026-06-15 18:15:00,120.244113,0.0,7.21754948,30.0,30.0,0,0.0,127.46166248,0,39.08055691862909,7.21754948,0.0,19.540278459314546,19.540278459314546,0.0,0.0,ok
2026-06-15 18:30:00,120.1662,0.0,7.21754948,30.0,30.0,0,0.0,127.38374948,0,36.71279841497904,7.21754948,0.0,18.35639920748952,18.35639920748952,0.0,0.0,ok
2026-06-15 18:45:00,120.096483,0.0,7.21754948,30.0,30.0,0,0.0,127.31403248000001,0,35.6842519477187,7.21754948,0.0,22.0,0.0,0.0,0.0,ok
2026-06-15 19:00:00,88.150095,0.0,7.21754948,30.0,30.0,0,0.0,95.36764448,0,30.15389567112443,7.21754948,0.0,22.0,0.0,0.0,0.0,ok
2026-06-15 19:15:00,88.150095,0.0,7.21754948,30.0,30.0,0,0.0,95.36764448,0,28.434758939463173,7.21754948,0.0,22.0,0.0,0.0,0.0,ok
2026-06-15 19:30:00,88.150095,0.0,7.21754948,30.0,30.0,0,0.0,95.36764448,0,22.902712386245035,7.21754948,0.0,22.0,0.0,0.0,0.0,ok
2026-06-15 19:45:00,88.150095,0.0,7.21754948,30.0,30.0,0,0.0,95.36764448,0,17.48028211817119,7.21754948,0.0,17.48028211817119,0.0,0.0,0.0,ok
2026-06-15 20:00:00,65.750095,0.0,7.21754948,30.0,30.0,0,0.0,72.96764448,0,13.592115265365031,7.21754948,0.0,13.592115265365031,0.0,0.0,0.0,ok
2026-06-15 20:15:00,65.750095,0.0,6.25520955,30.0,30.0,0,0.0,72.00530455,0,13.512242369937493,6.25520955,0.0,13.512242369937493,0.0,0.0,0.0,ok
2026-06-15 20:30:00,65.798107,0.0,0.0,30.0,30.0,0,0.0,65.798107,0,12.58931938639301,0.0,0.0,0.0,0.0,0.0,0.0,ok
2026-06-15 20:45:00,66.248304,0.0,0.0,30.0,30.0,0,0.0,66.248304,0,10.902453022503602,0.0,0.0,0.0,0.0,0.0,0.0,ok
2026-06-15 21:00:00,66.64429,0.0,0.0,30.0,30.0,0,0.0,66.64429,0,12.838807165681892,0.0,0.0,0.0,0.0,0.0,0.0,ok
2026-06-15 21:15:00,66.855258,0.0,0.0,30.0,30.0,0,0.0,66.855258,0,9.110237109127555,0.0,0.0,0.0,0.0,0.0,0.0,ok
2026-06-15 21:30:00,66.699241,0.0,0.0,30.0,30.0,0,0.0,66.699241,0,9.03159748302747,0.0,0.0,0.0,0.0,0.0,0.0,ok
2026-06-15 21:45:00,66.792916,0.0,0.0,30.0,30.0,0,0.0,66.792916,0,9.03159748302747,0.0,0.0,0.0,0.0,0.0,0.0,ok
2026-06-15 22:00:00,22.4,0.0,0.0,30.0,30.0,0,0.0,22.4,0,5.729099630401125,0.0,0.0,0.0,0.0,0.0,0.0,ok
2026-06-15 22:15:00,22.4,0.0,0.0,30.0,30.0,0,0.0,22.4,0,0.003403796796258166,0.0,0.0,0.0,0.0,0.0,0.0,ok
2026-06-15 22:30:00,22.4,0.0,0.0,30.0,30.0,0,0.0,22.4,0,0.003403796796258166,0.0,0.0,0.0,0.0,0.0,0.0,ok
2026-06-15 22:45:00,22.4,0.0,0.0,30.0,30.0,0,0.0,22.4,0,0.003403796796258166,0.0,0.0,0.0,0.0,0.0,0.0,ok
2026-06-15 23:00:00,22.4,0.0,0.0,30.0,30.0,0,0.0,22.4,0,0.003403796796258166,0.0,0.0,0.0,0.0,0.0,0.0,ok
2026-06-15 23:15:00,22.4,0.0,0.0,30.0,30.0,0,0.0,22.4,0,0.003403796796258166,0.0,0.0,0.0,0.0,0.0,0.0,ok
2026-06-15 23:30:00,22.4,0.0,0.0,30.0,30.0,0,0.0,22.4,0,0.003403796796258166,0.0,0.0,0.0,0.0,0.0,0.0,ok
2026-06-15 23:45:00,22.4,0.0,0.0,30.0,30.0,0,0.0,22.4,0,0.003403796796258166,0.0,0.0,0.0,0.0,0.0,0.0,ok
