hora,0,1
0,22.4,22.4
1,22.4,22.4
2,22.4,22.4
3,22.4,22.4
4,22.4,22.4
5,22.4,22.4
6,22.4,22.4
7,91.1160499363794,22.4
8,175.26839368778565,50.80131319112843
9,235.30943871157905,62.430075989974554
10,239.8753394618632,64.8297306067987
11,245.82406870263384,67.52637748627984
12,190.03890906933898,69.32645960138636
13,246.6406966324328,56.339149387526284
14,249.32625723243,57.06945160325043
15,249.55845993168117,55.10647800264508
16,248.1570805868701,26.4
17,201.4920999804829,24.0
18,171.4180622411762,24.0
19,126.71177311924224,24.0
20,94.43056881426703,24.0
21,90.72799508054162,24.0
22,22.4,22.4
23,22.4,22.4
