timestamp,building_kw,ev_demand_kw,ev_served_kw,solar_kw,grid_import_kw,grid_export_kw,battery_charge_kw,battery_discharge_kw,soc_before_pct,soc_after_pct,ev_unserved_kw
2026-06-15 00:00:00,22.4,0.0,0.0,0.0,0.0,0,0.0,22.4,50.0,49.705263157894734,0.0
2026-06-15 00:15:00,22.4,0.0,0.0,0.0,0.0,0,0.0,22.4,49.705263157894734,49.41052631578947,0.0
2026-06-15 00:30:00,22.4,0.0,0.0,0.0,0.0,0,0.0,22.4,49.41052631578947,49.1157894736842,0.0
2026-06-15 00:45:00,22.4,0.0,0.0,0.0,0.0,0,0.0,22.4,49.1157894736842,48.82105263157893,0.0
2026-06-15 01:00:00,22.4,0.0,0.0,0.0,0.0,0,0.0,22.4,48.82105263157893,48.52631578947367,0.0
2026-06-15 01:15:00,22.4,0.0,0.0,0.0,0.0,0,0.0,22.4,48.52631578947367,48.231578947368405,0.0
2026-06-15 01:30:00,22.4,0.0,0.0,0.0,0.0,0,0.0,22.4,48.231578947368405,47.93684210526314,0.0
2026-06-15 01:45:00,22.4,0.0,0.0,0.0,0.0,0,0.0,22.4,47.93684210526314,47.64210526315787,0.0
2026-06-15 02:00:00,22.4,0.0,0.0,0.0,0.0,0,0.0,22.4,47.64210526315787,47.34736842105261,0.0
2026-06-15 02:15:00,22.4,0.0,0.0,0.0,0.0,0,0.0,22.4,47.34736842105261,47.052631578947334,0.0
2026-06-15 02:30:00,22.4,0.0,0.0,0.0,0.0,0,0.0,22.4,47.052631578947334,46.75789473684207,0.0
2026-06-15 02:45:00,22.4,0.0,0.0,0.0,0.0,0,0.0,22.4,46.75789473684207,46.46315789473681,0.0
2026-06-15 03:00:00,22.4,0.0,0.0,0.0,0.0,0,0.0,22.4,46.46315789473681,46.168421052631544,0.0
2026-06-15 03:15:00,22.4,0.0,0.0,0.0,0.0,0,0.0,22.4,46.168421052631544,45.87368421052628,0.0
2026-06-15 03:30:00,22.4,0.0,0.0,0.0,0.0,0,0.0,22.4,45.87368421052628,45.57894736842101,0.0
2026-06-15 03:45:00,22.4,0.0,0.0,0.0,0.0,0,0.0,22.4,45.57894736842101,45.284210526315746,0.0
2026-06-15 04:00:00,22.4,0.0,0.0,0.0,0.0,0,0.0,22.4,45.284210526315746,44.98947368421047,0.0
2026-06-15 04:15:00,22.4,0.0,0.0,0.0,0.0,0,0.0,22.4,44.98947368421047,44.69473684210521,0.0
2026-06-15 04:30:00,22.4,0.0,0.0,0.0,0.0,0,0.0,22.4,44.69473684210521,44.39999999999994,0.0
2026-06-15 04:45:00,22.4,0.0,0.0,0.0,0.0,0,0.0,22.4,44.39999999999994,44.105263157894676,0.0
2026-06-15 05:00:00,22.4,0.0,0.0,0.0,0.0,0,0.0,22.4,44.105263157894676,43.81052631578941,0.0
2026-06-15 05:15:00,22.4,0.0,0.0,0.0,0.0,0,0.0,22.4,43.81052631578941,43.515789473684144,0.0
2026-06-15 05:30:00,22.4,0.0,0.0,0.0,0.0,0,0.0,22.4,43.515789473684144,43.22105263157888,0.0
2026-06-15 05:45:00,22.4,0.0,0.0,0.0,0.0,0,0.0,22.4,43.22105263157888,42.92631578947361,0.0
2026-06-15 06:00:00,22.4,0.0,0.0,0.0,0.0,0,0.0,22.4,42.92631578947361,42.63157894736835,0.0
2026-06-15 06:15:00,22.4,0.0,0.0,11.420757570437885,0.0,0,0.0,10.979242429562113,42.63157894736835,42.4871152311899,0.0
2026-06-15 06:30:00,22.4,0.0,0.0,29.534220724336283,0.0,0,7.134220724336284,0.0,42.4871152311899,42.5718341022914,0.0
2026-06-15 06:45:00,22.4,11.58881454,11.58881454,51.51988009294432,0.0,0,17.53106555294432,0.0,42.5718341022914,42.780015505732614,0.0
2026-06-15 07:00:00,79.615059,24.18719122,24.18719122,77.00340254735261,3.552713678800501e-15,0,0.0,26.798847672647394,42.780015505732614,42.42739908898725,0.0
2026-06-15 07:15:00,70.550095,38.48490986,38.48490986,106.10496306883014,0.0,0,0.0,2.930041791169856,42.42739908898725,42.38884590752449,0.0
2026-06-15 07:30:00,71.807463,36.51946993,36.51946993,138.84699916404634,0.0,0,30.52006623404634,0.0,42.38884590752449,42.75127169405379,0.0
2026-06-15 07:45:00,73.453458,21.92226535,21.92226535,174.79087332889662,0.0,0,79.41514997889662,0.0,42.75127169405379,43.69432660005319,0.0
2026-06-15 08:00:00,305.886114,21.92226535,21.92226535,212.87091024425075,0.0,0,0.0,114.93746910574924,43.69432660005319,42.1819914802407,0.0
2026-06-15 08:15:00,307.39752699999997,24.80774717,24.80774717,251.44571255603043,0.0,0,0.0,80.75956161396951,42.1819914802407,41.11936566953058,0.0
2026-06-15 08:30:00,306.258742,43.56337897,43.56337897,288.55203205283715,2.842170943040401e-14,0,0.0,61.27008891716284,41.11936566953058,40.3131802890416,0.0
2026-06-15 08:45:00,304.934593,43.56337897,43.56337897,322.29713794497934,0.0,0,0.0,26.20083402502064,40.3131802890416,39.968432472922906,0.0
2026-06-15 09:00:00,198.566278,41.36919056,41.36919056,351.2866883651169,0.0,0,111.3512198051169,0.0,39.968432472922906,41.29072820810867,0.0
2026-06-15 09:15:00,198.419519,25.70368857,25.70368857,374.9707621535751,0.0,0,150.8475545835751,0.0,41.29072820810867,43.08204291878862,0.0
2026-06-15 09:30:00,198.29446,26.21015776,26.21015776,393.80672936311174,0.0,0,169.30211160311177,0.0,43.08204291878862,45.09250549407558,0.0
2026-06-15 09:45:00,197.447839,25.46594355,25.46594355,409.18117910359484,0.0,0,186.26739655359486,0.0,45.09250549407558,47.30443082814951,0.0
2026-06-15 10:00:00,197.072987,24.66657594,24.66657594,423.09370743727874,0.0,0,201.35414449727872,0.0,47.30443082814951,49.6955112940547,0.0
2026-06-15 10:15:00,196.610899,24.11162755,24.11162755,431.6631357095073,0.0,0,210.9406091595073,0.0,49.6955112940547,52.200431027823846,0.0
2026-06-15 10:30:00,196.140777,23.66896293,23.66896293,430.1226672682672,0.0,0,210.3129273382672,0.0,52.200431027823846,54.69789703996577,0.0
2026-06-15 10:45:00,195.670529,18.24355681,18.24355681,433.89804957856546,0.0,0,219.98396376856547,0.0,54.69789703996577,57.310206609717476,0.0
2026-06-15 11:00:00,195.672743,17.87205301,17.87205301,442.3175570535896,0.0,0,228.7727610435896,0.0,57.310206609717476,60.02688314711011,0.0
2026-06-15 11:15:00,194.567439,11.52818083,11.52818083,453.88316958383524,2.842170943040401e-14,0,247.78754975383526,0.0,60.02688314711011,62.96936030043692,0.0
2026-06-15 11:30:00,193.42085,14.04124026,14.04124026,466.5371040853915,0.0,0,259.07501382539147,0.0,62.96936030043692,66.04587608961346,0.0
2026-06-15 11:45:00,192.344784,13.0131025,13.0131025,478.0279404594097,0.0,0,272.6700539594097,0.0,66.04587608961346,69.28383298038145,0.0
2026-06-15 12:00:00,135.669766,7.22390095,7.22390095,72.94667999777212,0.0,0,0.0,69.94698695222789,69.28383298038145,68.36347788890475,0.0
2026-06-15 12:15:00,134.879848,5.54187685,5.54187685,73.48696562002769,0.0,0,0.0,66.93475922997231,68.36347788890475,67.4827573727209,0.0
2026-06-15 12:30:00,133.265703,10.88914324,10.88914324,73.22891894879133,1.4210854715202004e-14,0,0.0,70.92592729120867,67.4827573727209,66.54952148731026,0.0
2026-06-15 12:45:00,132.494018,22.64218492,22.64218492,72.21845230159406,0.0,0,0.0,82.91775061840596,66.54952148731026,65.45849845285754,0.0
2026-06-15 13:00:00,180.682435,28.91605926,28.91605926,470.902336436051,0.0,0,261.303842176051,0.0,65.45849845285754,68.56148157869814,0.0
2026-06-15 13:15:00,180.743302,33.32942006,33.32942006,458.40855286572344,2.842170943040401e-14,0,244.33583080572348,0.0,68.56148157869814,71.4629695695161,0.0
2026-06-15 13:30:00,180.598023,16.06427249,16.06427249,446.197923602461,0.0,0,249.53562811246098,0.0,71.4629695695161,74.42620515335159,0.0
2026-06-15 13:45:00,180.512356,14.61238672,14.61238672,436.4429947502718,0.0,0,241.3182520302718,0.0,74.42620515335159,77.29185939621107,0.0
2026-06-15 14:00:00,180.304076,21.78980165,21.78980165,415.98239214088755,0.0,0,213.88851449088753,0.0,77.29185939621107,79.83178550579035,0.0
2026-06-15 14:15:00,180.08085,25.37850911,25.37850911,392.58292132727894,0.0,0,187.12356221727893,0.0,79.83178550579035,82.05387780712054,0.0
2026-06-15 14:30:00,179.852438,26.69905455,26.69905455,371.7765783290089,0.0,0,165.22508577900888,0.0,82.05387780712054,84.01592570074628,0.0
2026-06-15 14:45:00,179.623353,10.0114569,10.0114569,352.1558867621045,0.0,0,162.52107686210448,0.0,84.01592570074628,85.94586348848377,0.0
2026-06-15 15:00:00,180.190651,88.0,88.0,331.8890278797627,0.0,0,63.69837687976269,0.0,85.94586348848377,86.70228171393094,0.0
2026-06-15 15:15:00,180.787158,88.0,66.0,309.2341104446186,0.0,0,62.446952444618574,0.0,86.70228171393094,87.44383927421079,22.0
2026-06-15 15:30:00,181.409134,88.0,66.0,282.99564087739566,0.0,0,35.586506877395664,0.0,87.44383927421079,87.86642904337985,22.0
2026-06-15 15:45:00,182.058781,88.0,66.0,252.81622403522047,0.0,0,4.7574430352204615,0.0,87.86642904337985,87.9229236794231,22.0
2026-06-15 16:00:00,182.400525,61.7321688,61.7321688,219.24371894035664,0.0,0,0.0,24.888974859643326,87.9229236794231,87.59543716811201,0.0
2026-06-15 16:15:00,182.748986,61.64912119,61.64912119,183.57467905813058,1.4210854715202004e-14,0,0.0,60.82342813186942,87.59543716811201,86.795128903219,0.0
2026-06-15 16:30:00,183.095852,48.02670028,48.02670028,147.53306822989012,0.0,0,0.0,83.58948405010989,86.795128903219,85.69526727098071,0.0
2026-06-15 16:45:00,184.354647,26.08596438,26.08596438,112.88434667126182,0.0,0,0.0,97.55626470873818,85.69526727098071,84.41163220902362,0.0
2026-06-15 17:00:00,144.517914,24.71999593,24.71999593,81.0998644538107,1.4210854715202004e-14,0,0.0,88.13804547618929,84.41163220902362,83.25192108433691,0.0
2026-06-15 17:15:00,144.373181,28.576262,28.576262,53.17496739228593,0.0,0,0.0,119.77447560771404,83.25192108433691,81.67594114213014,0.0
2026-06-15 17:30:00,144.281218,12.64181437,12.64181437,29.68121208879331,0.0,0,0.0,127.24182028120669,81.67594114213014,80.00170666474585,0.0
2026-06-15 17:45:00,144.197727,4.28954299,4.28954299,11.164183351760755,0.0,0,0.0,137.32308663823923,80.00170666474585,78.19482394582165,0.0
2026-06-15 18:00:00,120.331231,7.21754948,7.21754948,2.691470112324911e-20,0.0,0,0.0,127.54878048,78.19482394582165,76.51655051845323,0.0
2026-06-15 18:15:00,120.244113,7.21754948,7.21754948,0.0,0.0,0,0.0,127.46166248,76.51655051845323,74.83942338055847,0.0
2026-06-15 18:30:00,120.1662,7.21754948,7.21754948,0.0,0.0,0,0.0,127.38374948,74.83942338055847,73.16332141371636,0.0
2026-06-15 18:45:00,120.096483,7.21754948,7.21754948,0.0,0.0,0,0.0,127.31403248000001,73.16332141371636,71.48813677582162,0.0
2026-06-15 19:00:00,88.150095,7.21754948,7.21754948,0.0,0.0,0,0.0,95.36764448,71.48813677582162,70.2332993484532,0.0
2026-06-15 19:15:00,88.150095,7.21754948,7.21754948,0.0,0.0,0,0.0,95.36764448,70.2332993484532,68.97846192108479,0.0
2026-06-15 19:30:00,88.150095,7.21754948,7.21754948,0.0,0.0,0,0.0,95.36764448,68.97846192108479,67.72362449371636,0.0
2026-06-15 19:45:00,88.150095,7.21754948,7.21754948,0.0,0.0,0,0.0,95.36764448,67.72362449371636,66.46878706634793,0.0
2026-06-15 20:00:00,65.750095,7.21754948,7.21754948,0.0,0.0,0,0.0,72.96764448,66.46878706634793,65.50868648108478,0.0
2026-06-15 20:15:00,65.750095,6.25520955,6.25520955,0.0,0.0,0,0.0,72.00530455,65.50868648108478,64.56124826332162,0.0
2026-06-15 20:30:00,65.798107,0.0,0.0,0.0,0.0,0,0.0,65.798107,64.56124826332162,63.69548369753214,0.0
2026-06-15 20:45:00,66.248304,0.0,0.0,0.0,0.0,0,0.0,66.248304,63.69548369753214,62.82379548700583,0.0
2026-06-15 21:00:00,66.64429,0.0,0.0,0.0,0.0,0,0.0,66.64429,62.82379548700583,61.94689693437425,0.0
2026-06-15 21:15:00,66.855258,0.0,0.0,0.0,0.0,0,0.0,66.855258,61.94689693437425,61.067222487005836,0.0
2026-06-15 21:30:00,66.699241,0.0,0.0,0.0,0.0,0,0.0,66.699241,61.067222487005836,60.18960089490057,0.0
2026-06-15 21:45:00,66.792916,0.0,0.0,0.0,0.0,0,0.0,66.792916,60.18960089490057,59.31074673700583,0.0
2026-06-15 22:00:00,22.4,0.0,0.0,0.0,0.0,0,0.0,22.4,59.31074673700583,59.01600989490057,0.0
2026-06-15 22:15:00,22.4,0.0,0.0,0.0,0.0,0,0.0,22.4,59.01600989490057,58.72127305279531,0.0
2026-06-15 22:30:00,22.4,0.0,0.0,0.0,0.0,0,0.0,22.4,58.72127305279531,58.42653621069005,0.0
2026-06-15 22:45:00,22.4,0.0,0.0,0.0,0.0,0,0.0,22.4,58.42653621069005,58.131799368584794,0.0
2026-06-15 23:00:00,22.4,0.0,0.0,0.0,0.0,0,0.0,22.4,58.131799368584794,57.837062526479535,0.0
2026-06-15 23:15:00,22.4,0.0,0.0,0.0,0.0,0,0.0,22.4,57.837062526479535,57.54232568437428,0.0
2026-06-15 23:30:00,22.4,0.0,0.0,0.0,0.0,0,0.0,22.4,57.54232568437428,57.247588842269025,0.0
2026-06-15 23:45:00,22.4,0.0,0.0,0.0,0.0,0,0.0,22.4,57.247588842269025,56.95285200016376,0.0
