partition,method,mae_kw,rmse_kw,wape_pct,smape_pct,n
validation,persistencia,69.90894044618767,101.56887925663953,78.73774007040589,68.85570172179817,140544
validation,semana_anterior,10.953730929972108,19.139136773082438,12.337077536301614,7.188123818479536,140544
validation,lightgbm_v1,9.251458928601625,17.588251947186947,10.419825615194178,7.091734924635052,140544
validation,residual_v2,5.514860364525366,10.165157999661055,6.211332043300362,4.515347189339561,140544
validation,hibrido,5.514860364525366,10.165157999661055,6.211332043300362,4.515347189339561,140544
diagnostic_june,persistencia,67.03446326755973,95.5895388320262,77.57224722472805,69.43614044187647,135936
diagnostic_june,semana_anterior,9.791985538893302,18.1066849010369,11.331280747519358,6.32762810550548,135936
diagnostic_june,lightgbm_v1,12.51619723460666,22.33752639794001,14.483737153545938,9.731414554348945,135936
diagnostic_june,residual_v2,6.435834696092949,12.048107198884857,7.4475446778792245,5.069531146934295,135936
diagnostic_june,hibrido,6.435834696092949,12.048107198884857,7.4475446778792245,5.069531146934295,135936
