partition,method,horizon,minutes,mae_kw,rmse_kw,wape_pct,smape_pct,n
test,persistencia,1,15,4.05970598269774,13.357106278406738,4.758918424093054,4.22911915718056,2832
test,dia_anterior,1,15,28.968712039548024,57.66586049539977,33.95805953308012,31.064541008623326,2832
test,semana_anterior,1,15,9.757021663135593,18.101566708894698,11.437495807545066,6.302788224299085,2832
test,lightgbm,1,15,6.154832992841207,11.271433872211281,7.214893948399659,5.629415167889591,2832
test,persistencia,4,60,15.482990663488703,27.110636186196718,18.117670552953637,16.25644619900169,2832
test,dia_anterior,4,60,28.995843201271185,57.671885972917565,33.929952290455,31.082415659386992,2832
test,semana_anterior,4,60,9.759281665960453,18.101770709033165,11.41998040948964,6.304157405903776,2832
test,lightgbm,4,60,10.671945979858549,19.251845002660307,12.487949235669722,7.821682063355073,2832
test,persistencia,12,180,38.85130775529661,60.02087182880455,45.16679736015053,41.436328771438035,2832
test,dia_anterior,12,180,29.055486793079098,57.683140911453606,33.77861287062136,31.110905773452902,2832
test,semana_anterior,12,180,9.776044072033898,18.10484230494812,11.365192759187337,6.311642342518181,2832
test,lightgbm,12,180,13.600544452816283,24.00417621381405,15.811386302802784,10.207774590488633,2832
test,persistencia,24,360,68.26855960628531,94.08683732185298,78.65804635720623,72.63224810501225,2832
test,dia_anterior,24,360,29.101713131709044,57.68773937913724,33.530572693924796,31.133891969173384,2832
test,semana_anterior,24,360,9.79819899611582,18.10994348340927,11.289343078254324,6.32362021203731,2832
test,lightgbm,24,360,12.578048831790591,22.488103089491865,14.492245827361792,9.640434436715058,2832
test,persistencia,48,720,109.30378125635593,131.36522216578268,126.67416322862886,108.70687818885052,2832
test,dia_anterior,48,720,28.205361337923726,56.49823081644276,32.68771221795995,30.167808924739127,2832
test,semana_anterior,48,720,9.763745563559322,18.08369302524608,11.315384381262605,6.327027202951641,2832
test,lightgbm,48,720,13.215912612163908,22.752516899870177,15.316164291902728,11.300535649289092,2832
