method,horizon,minutes,mae_kw,rmse_kw,wape_pct,smape_pct,n
semana_anterior,1,15,10.9413000625,20.885002533756616,12.601855967026157,7.247652639848884,2976
lightgbm_v1,1,15,6.732550016887909,12.38931328355397,7.754345929548988,6.085157824985315,2976
residual_v2,1,15,2.1844587526996846,7.329872276944695,2.5159930182136927,2.091655622649825,2976
hibrido,1,15,2.1844587526996846,7.329872276944695,2.5159930182136927,2.091655622649825,2976
semana_anterior,2,30,10.9413000625,20.885002533756616,12.601855967026157,7.247652639848884,2976
lightgbm_v1,2,30,9.547818007273884,16.612734758179712,10.996885803308459,8.288333695257325,2976
residual_v2,2,30,2.887242790647018,8.579264934201323,3.325438255209938,2.7630051534767306,2976
hibrido,2,30,2.887242790647018,8.579264934201323,3.325438255209938,2.7630051534767306,2976
semana_anterior,3,45,10.9413000625,20.885002533756616,12.601855967026157,7.247652639848884,2976
lightgbm_v1,3,45,10.730616827467694,19.649418461489578,12.359197437657794,7.7630554628902795,2976
residual_v2,3,45,3.637222408785318,9.97446466084831,4.1892419231466915,3.393582261534442,2976
hibrido,3,45,3.637222408785318,9.97446466084831,4.1892419231466915,3.393582261534442,2976
semana_anterior,4,60,10.9413000625,20.885002533756616,12.601855967026157,7.247652639848884,2976
lightgbm_v1,4,60,11.520005155953758,21.037938783242367,13.268390857160808,8.396579882739726,2976
residual_v2,4,60,4.354614876570596,10.953131953994834,5.015512704426577,4.038729861427595,2976
hibrido,4,60,4.354614876570596,10.953131953994834,5.015512704426577,4.038729861427595,2976
semana_anterior,5,75,10.9413000625,20.885002533756616,12.601855967026157,7.247652639848884,2976
lightgbm_v1,5,75,12.28757421161283,21.80994816185119,14.152453503181665,9.27044205171135,2976
residual_v2,5,75,4.8047330249174625,11.867398307162597,5.5339450699781745,4.346964488622495,2976
hibrido,5,75,4.8047330249174625,11.867398307162597,5.5339450699781745,4.346964488622495,2976
semana_anterior,6,90,10.9413000625,20.885002533756616,12.601855967026157,7.247652639848884,2976
lightgbm_v1,6,90,12.499166884920806,22.372546438436565,14.396159495840077,9.257508964022746,2976
residual_v2,6,90,5.019016501540247,12.239583964974646,5.780750247890181,4.439359786946905,2976
hibrido,6,90,5.019016501540247,12.239583964974646,5.780750247890181,4.439359786946905,2976
semana_anterior,7,105,10.9413000625,20.885002533756616,12.601855967026157,7.247652639848884,2976
lightgbm_v1,7,105,12.991821508421864,23.235587898127896,14.96358407714082,9.837390635003478,2976
residual_v2,7,105,5.437009079842677,12.756936949770772,6.262181360917305,4.738992696994733,2976
hibrido,7,105,5.437009079842677,12.756936949770772,6.262181360917305,4.738992696994733,2976
semana_anterior,8,120,10.9413000625,20.885002533756616,12.601855967026157,7.247652639848884,2976
lightgbm_v1,8,120,13.369340647631386,23.89280763188762,15.398399116481496,9.937012341327279,2976
residual_v2,8,120,5.793411520672363,13.285118205495758,6.672674830612536,4.967509490881556,2976
hibrido,8,120,5.793411520672363,13.285118205495758,6.672674830612536,4.967509490881556,2976
semana_anterior,9,135,10.9413000625,20.885002533756616,12.601855967026157,7.247652639848884,2976
lightgbm_v1,9,135,13.844047373489673,24.848489324907135,15.945151856253979,10.397583048444204,2976
residual_v2,9,135,5.86924026460896,13.339337392466202,6.760012066936457,4.909350164965519,2976
hibrido,9,135,5.86924026460896,13.339337392466202,6.760012066936457,4.909350164965519,2976
semana_anterior,10,150,10.9413000625,20.885002533756616,12.601855967026157,7.247652639848884,2976
lightgbm_v1,10,150,13.713171102211462,24.48829874533507,15.794412555555866,10.245726483951799,2976
residual_v2,10,150,6.1543096252666105,13.586113792045921,7.088346268822801,5.349613246833837,2976
hibrido,10,150,6.1543096252666105,13.586113792045921,7.088346268822801,5.349613246833837,2976
semana_anterior,11,165,10.9413000625,20.885002533756616,12.601855967026157,7.247652639848884,2976
lightgbm_v1,11,165,14.224094051162131,25.190805894169337,16.38287803736749,10.592896553312322,2976
residual_v2,11,165,6.443995307986707,13.814743158809993,7.421997409774526,5.689006415576606,2976
hibrido,11,165,6.443995307986707,13.814743158809993,7.421997409774526,5.689006415576606,2976
semana_anterior,12,180,10.9413000625,20.885002533756616,12.601855967026157,7.247652639848884,2976
lightgbm_v1,12,180,14.222350708553945,25.439912091229655,16.380870108481158,10.702221083821687,2976
residual_v2,12,180,6.332601945952205,13.780601794590018,7.293697930185913,5.055335459522656,2976
hibrido,12,180,6.332601945952205,13.780601794590018,7.293697930185913,5.055335459522656,2976
semana_anterior,13,195,10.9413000625,20.885002533756616,12.601855967026157,7.247652639848884,2976
lightgbm_v1,13,195,13.579444438179772,24.452651688182108,15.64039025935232,10.30976581190942,2976
residual_v2,13,195,6.560751557570845,13.834880991352833,7.556473699804476,5.627037746362984,2976
hibrido,13,195,6.560751557570845,13.834880991352833,7.556473699804476,5.627037746362984,2976
semana_anterior,14,210,10.9413000625,20.885002533756616,12.601855967026157,7.247652639848884,2976
lightgbm_v1,14,210,13.605736314820964,24.67559511473951,15.670672441601457,10.278383721851778,2976
residual_v2,14,210,6.502230280238788,13.89664895999445,7.489070676056631,5.1865171695403385,2976
hibrido,14,210,6.502230280238788,13.89664895999445,7.489070676056631,5.1865171695403385,2976
semana_anterior,15,225,10.9413000625,20.885002533756616,12.601855967026157,7.247652639848884,2976
lightgbm_v1,15,225,13.322664637716166,24.143129070651593,15.344639110750267,10.104528868459761,2976
residual_v2,15,225,6.678938986238625,14.025340975912366,7.692598378286625,5.378644625971456,2976
hibrido,15,225,6.678938986238625,14.025340975912366,7.692598378286625,5.378644625971456,2976
semana_anterior,16,240,10.9413000625,20.885002533756616,12.601855967026157,7.247652639848884,2976
lightgbm_v1,16,240,12.975455649203626,23.643165418434013,14.944734379256039,10.419357718786735,2976
residual_v2,16,240,6.862096277218734,14.35226352060951,7.90355336417106,5.479788680752896,2976
hibrido,16,240,6.862096277218734,14.35226352060951,7.90355336417106,5.479788680752896,2976
semana_anterior,17,255,10.9413000625,20.885002533756616,12.601855967026157,7.247652639848884,2976
lightgbm_v1,17,255,12.556067601526324,23.2559473191725,14.461696007130993,9.717704966018243,2976
residual_v2,17,255,6.893850418344546,14.434640471649567,7.940126816186656,5.667514568365283,2976
hibrido,17,255,6.893850418344546,14.434640471649567,7.940126816186656,5.667514568365283,2976
semana_anterior,18,270,10.9413000625,20.885002533756616,12.601855967026157,7.247652639848884,2976
lightgbm_v1,18,270,12.944048238622177,23.706663173638805,14.908560280914543,10.140574095538907,2976
residual_v2,18,270,7.098745898083553,14.530081228394563,8.17611918539472,6.1064677863416374,2976
hibrido,18,270,7.098745898083553,14.530081228394563,8.17611918539472,6.1064677863416374,2976
semana_anterior,19,285,10.9413000625,20.885002533756616,12.601855967026157,7.247652639848884,2976
lightgbm_v1,19,285,13.206393736172739,24.04126598470479,15.210721829802237,10.115055994763598,2976
residual_v2,19,285,7.103545114096525,14.795504357994165,8.181646776138473,5.494093052799989,2976
hibrido,19,285,7.103545114096525,14.795504357994165,8.181646776138473,5.494093052799989,2976
semana_anterior,20,300,10.9413000625,20.885002533756616,12.601855967026157,7.247652639848884,2976
lightgbm_v1,20,300,13.742720768736211,24.981761337797938,15.828446960909105,10.637736655600605,2976
residual_v2,20,300,7.140782294514472,14.881340442627403,8.2245354257107,5.466592062443432,2976
hibrido,20,300,7.140782294514472,14.881340442627403,8.2245354257107,5.466592062443432,2976
semana_anterior,21,315,10.9413000625,20.885002533756616,12.601855967026157,7.247652639848884,2976
lightgbm_v1,21,315,13.665099198289578,24.976232054500393,15.739044801648761,10.50550989265191,2976
residual_v2,21,315,7.442592842624585,15.190047650311477,8.572151617103572,5.9026172802146455,2976
hibrido,21,315,7.442592842624585,15.190047650311477,8.572151617103572,5.9026172802146455,2976
semana_anterior,22,330,10.9413000625,20.885002533756616,12.601855967026157,7.247652639848884,2976
lightgbm_v1,22,330,14.090587489208865,25.80690244952432,16.229109248030085,10.935429403207532,2976
residual_v2,22,330,7.553098525390592,15.248077775386264,8.699428694763476,6.232150712723046,2976
hibrido,22,330,7.553098525390592,15.248077775386264,8.699428694763476,6.232150712723046,2976
semana_anterior,23,345,10.9413000625,20.885002533756616,12.601855967026157,7.247652639848884,2976
lightgbm_v1,23,345,13.9494021902251,25.704185270825025,16.066496323396667,10.57749072745028,2976
residual_v2,23,345,7.731472405324569,15.567886058245799,8.90487429358329,6.047342416686881,2976
hibrido,23,345,7.731472405324569,15.567886058245799,8.90487429358329,6.047342416686881,2976
semana_anterior,24,360,10.9413000625,20.885002533756616,12.601855967026157,7.247652639848884,2976
lightgbm_v1,24,360,13.220266601330154,24.445932123020352,15.226700173103769,10.361680196208034,2976
residual_v2,24,360,7.957714836596968,15.80520007800399,9.165453431001916,6.4285317563692805,2976
hibrido,24,360,7.957714836596968,15.80520007800399,9.165453431001916,6.4285317563692805,2976
semana_anterior,25,375,10.9413000625,20.885002533756616,12.601855967026157,7.247652639848884,2976
lightgbm_v1,25,375,13.294454451763478,24.551706948219447,15.31214747829818,10.865277041242695,2976
residual_v2,25,375,7.685266649019663,15.631137615263755,8.851655911629065,5.694942830634044,2976
hibrido,25,375,7.685266649019663,15.631137615263755,8.851655911629065,5.694942830634044,2976
semana_anterior,26,390,10.9413000625,20.885002533756616,12.601855967026157,7.247652639848884,2976
lightgbm_v1,26,390,13.306428151774163,24.56520673391279,15.3259384210623,11.043623303779881,2976
residual_v2,26,390,7.867278540961825,15.903003958141039,9.061291661808552,5.823692886495194,2976
hibrido,26,390,7.867278540961825,15.903003958141039,9.061291661808552,5.823692886495194,2976
semana_anterior,27,405,10.9413000625,20.885002533756616,12.601855967026157,7.247652639848884,2976
lightgbm_v1,27,405,12.880177404019417,24.29791565557375,14.834995800134385,10.311769060824934,2976
residual_v2,27,405,7.839716728849525,15.849085891586512,9.0295468065861,5.737817424674466,2976
hibrido,27,405,7.839716728849525,15.849085891586512,9.0295468065861,5.737817424674466,2976
semana_anterior,28,420,10.9413000625,20.885002533756616,12.601855967026157,7.247652639848884,2976
lightgbm_v1,28,420,12.728476015254417,23.89901245858415,14.660270763777275,10.777082048740876,2976
residual_v2,28,420,7.960740243154337,15.980078289034438,9.168938002072982,6.015976388234624,2976
hibrido,28,420,7.960740243154337,15.980078289034438,9.168938002072982,6.015976388234624,2976
semana_anterior,29,435,10.9413000625,20.885002533756616,12.601855967026157,7.247652639848884,2976
lightgbm_v1,29,435,12.86384632607441,24.331253206801325,14.816186162260125,10.381713029960089,2976
residual_v2,29,435,8.079036821729865,16.177908609060392,9.305188396092447,6.070334991373267,2976
hibrido,29,435,8.079036821729865,16.177908609060392,9.305188396092447,6.070334991373267,2976
semana_anterior,30,450,10.9413000625,20.885002533756616,12.601855967026157,7.247652639848884,2976
lightgbm_v1,30,450,14.375310467976371,26.35000492944701,16.557044497811628,11.846540524533058,2976
residual_v2,30,450,8.201305884765397,16.355559278699808,9.446014176648266,6.0500115726351495,2976
hibrido,30,450,8.201305884765397,16.355559278699808,9.446014176648266,6.0500115726351495,2976
semana_anterior,31,465,10.9413000625,20.885002533756616,12.601855967026157,7.247652639848884,2976
lightgbm_v1,31,465,14.51992309522,26.697154169708504,16.723604914684156,11.605501310880129,2976
residual_v2,31,465,8.426533607128738,16.572514753566626,9.705424603269512,6.427172856741182,2976
hibrido,31,465,8.426533607128738,16.572514753566626,9.705424603269512,6.427172856741182,2976
semana_anterior,32,480,10.9413000625,20.885002533756616,12.601855967026157,7.247652639848884,2976
lightgbm_v1,32,480,14.61607984871477,26.28709594881365,16.834355332904668,12.12164478377559,2976
residual_v2,32,480,8.712646268669177,16.82058478886625,10.034960447317214,6.875334150059823,2976
hibrido,32,480,8.712646268669177,16.82058478886625,10.034960447317214,6.875334150059823,2976
semana_anterior,33,495,10.9413000625,20.885002533756616,12.601855967026157,7.247652639848884,2976
lightgbm_v1,33,495,14.251587665180477,25.97914445615876,16.414544344103714,11.430366610588868,2976
residual_v2,33,495,8.777746435339738,16.903086538251145,10.10994083530818,7.00148895665392,2976
hibrido,33,495,8.777746435339738,16.903086538251145,10.10994083530818,7.00148895665392,2976
semana_anterior,34,510,10.9413000625,20.885002533756616,12.601855967026157,7.247652639848884,2976
lightgbm_v1,34,510,15.531742507591277,27.832267855845004,17.888987677839125,12.528367256663556,2976
residual_v2,34,510,8.515652842996126,16.69932421889037,9.808069423160836,6.392739822844569,2976
hibrido,34,510,8.515652842996126,16.69932421889037,9.808069423160836,6.392739822844569,2976
semana_anterior,35,525,10.9413000625,20.885002533756616,12.601855967026157,7.247652639848884,2976
lightgbm_v1,35,525,14.163569844275072,25.66043085180567,16.313168100399093,10.821597847015598,2976
residual_v2,35,525,8.630973101033184,16.849765516269084,9.940891781889864,6.421118304162208,2976
hibrido,35,525,8.630973101033184,16.849765516269084,9.940891781889864,6.421118304162208,2976
semana_anterior,36,540,10.9413000625,20.885002533756616,12.601855967026157,7.247652639848884,2976
lightgbm_v1,36,540,12.740113910520714,23.69953519901272,14.673674936870732,10.076407235522526,2976
residual_v2,36,540,8.64903442699433,16.89003546444247,9.961694266698405,6.323069176251119,2976
hibrido,36,540,8.64903442699433,16.89003546444247,9.961694266698405,6.323069176251119,2976
semana_anterior,37,555,10.9413000625,20.885002533756616,12.601855967026157,7.247652639848884,2976
lightgbm_v1,37,555,12.776221268357716,24.15379843403299,14.715262291226484,9.9926298534255,2976
residual_v2,37,555,8.73830712125501,17.090217273501402,10.064515835290358,6.313914726487938,2976
hibrido,37,555,8.73830712125501,17.090217273501402,10.064515835290358,6.313914726487938,2976
semana_anterior,38,570,10.9413000625,20.885002533756616,12.601855967026157,7.247652639848884,2976
lightgbm_v1,38,570,13.906280924707385,25.772109386279485,16.016830563928774,11.072164157745753,2976
residual_v2,38,570,8.743115072087964,17.088974718514567,10.070053486533565,6.350036037292628,2976
hibrido,38,570,8.743115072087964,17.088974718514567,10.070053486533565,6.350036037292628,2976
semana_anterior,39,585,10.9413000625,20.885002533756616,12.601855967026157,7.247652639848884,2976
lightgbm_v1,39,585,12.91313917539477,23.796283998245627,14.872960163867898,10.15636530658009,2976
residual_v2,39,585,8.690853696480584,17.079304758009407,10.00986042681664,6.31878435438416,2976
hibrido,39,585,8.690853696480584,17.079304758009407,10.00986042681664,6.31878435438416,2976
semana_anterior,40,600,10.9413000625,20.885002533756616,12.601855967026157,7.247652639848884,2976
lightgbm_v1,40,600,13.284572155772958,24.340923718930156,15.300765350947252,10.162200940094626,2976
residual_v2,40,600,9.34513657543037,17.603674995884038,10.763443506991528,7.687558701713834,2976
hibrido,40,600,9.34513657543037,17.603674995884038,10.763443506991528,7.687558701713834,2976
semana_anterior,41,615,10.9413000625,20.885002533756616,12.601855967026157,7.247652639848884,2976
lightgbm_v1,41,615,13.483893831157964,24.38340398258662,15.53033798216657,10.366562983893402,2976
residual_v2,41,615,9.071468527549522,17.219009069926507,10.448240989697283,7.759496498296394,2976
hibrido,41,615,9.071468527549522,17.219009069926507,10.448240989697283,7.759496498296394,2976
semana_anterior,42,630,10.9413000625,20.885002533756616,12.601855967026157,7.247652639848884,2976
lightgbm_v1,42,630,13.387385133504042,24.51211273435943,15.419182205389333,10.309643858129917,2976
residual_v2,42,630,8.780820073445689,16.903892397892445,10.113480958007008,6.962451551447021,2976
hibrido,42,630,8.780820073445689,16.903892397892445,10.113480958007008,6.962451551447021,2976
semana_anterior,43,645,10.9413000625,20.885002533756616,12.601855967026157,7.247652639848884,2976
lightgbm_v1,43,645,13.868494527983971,24.917252413151818,15.973309343753721,11.158672136769324,2976
residual_v2,43,645,9.049486310305817,17.292827621311304,10.422922541801817,7.28998163790287,2976
hibrido,43,645,9.049486310305817,17.292827621311304,10.422922541801817,7.28998163790287,2976
semana_anterior,44,660,10.9413000625,20.885002533756616,12.601855967026157,7.247652639848884,2976
lightgbm_v1,44,660,12.882598529389783,23.834339499874954,14.837784378550221,10.152259549228946,2976
residual_v2,44,660,9.095484980740169,17.434861572149156,10.47590240856145,6.965993026224353,2976
hibrido,44,660,9.095484980740169,17.434861572149156,10.47590240856145,6.965993026224353,2976
semana_anterior,45,675,10.9413000625,20.885002533756616,12.601855967026157,7.247652639848884,2976
lightgbm_v1,45,675,13.392830676610902,24.420512862940935,15.425454215982489,10.68316801700833,2976
residual_v2,45,675,9.14211799352397,17.392097804262303,10.529612891507083,7.012105514964217,2976
hibrido,45,675,9.14211799352397,17.392097804262303,10.529612891507083,7.012105514964217,2976
semana_anterior,46,690,10.9413000625,20.885002533756616,12.601855967026157,7.247652639848884,2976
lightgbm_v1,46,690,13.586463300925072,24.448330876498357,15.648474371556842,10.571645829510906,2976
residual_v2,46,690,9.106796244635396,17.516270396758507,10.488930377596065,6.698210358701368,2976
hibrido,46,690,9.106796244635396,17.516270396758507,10.488930377596065,6.698210358701368,2976
semana_anterior,47,705,10.9413000625,20.885002533756616,12.601855967026157,7.247652639848884,2976
lightgbm_v1,47,705,14.254554152844173,25.403081254185103,16.417961054188655,11.57663690605454,2976
residual_v2,47,705,9.12418532907938,17.55343007049884,10.508958595112246,6.715921090981908,2976
hibrido,47,705,9.12418532907938,17.55343007049884,10.508958595112246,6.715921090981908,2976
semana_anterior,48,720,10.9413000625,20.885002533756616,12.601855967026157,7.247652639848884,2976
lightgbm_v1,48,720,14.168037730654813,25.136530661666054,16.31831407576883,11.811485096561515,2976
residual_v2,48,720,9.305186142551012,17.79554460631231,10.71742981592281,6.8017494762050354,2976
hibrido,48,720,9.305186142551012,17.79554460631231,10.71742981592281,6.8017494762050354,2976
