method,horizon,minutes,mae,rmse,wape_pct,bias,n
media_4semanas,1,15,5.670076288442797,9.622524194708248,52.25473904891969,0.051034487824858824,2832
media_4semanas,4,60,5.676266510703567,9.624458204271773,52.23698532154714,0.05722471008562856,2832
media_4semanas,12,180,5.699405023516066,9.638188945258953,52.09069483046594,0.054424252748058,2832
media_4semanas,24,360,5.7533685831903245,9.694077765331055,52.18758194797472,0.09864921993820622,2832
media_4semanas,48,720,5.699266737399364,9.564144188862215,52.66393429111881,0.17977624174081921,2832
residual_v1,1,15,5.555060362699203,9.251656113429563,51.19476615253173,-0.19206128584428703,2832
residual_v1,4,60,5.56536618552246,9.255128540819198,51.21640275240306,-0.17277317357308394,2832
residual_v1,12,180,5.60257984376505,9.285711105208305,51.20574440678056,-0.1561713261827242,2832
residual_v1,24,360,5.650577910399246,9.334668840916445,51.255189631681084,-0.08618139419771806,2832
residual_v1,48,720,5.6286559754334204,9.255940627346417,52.01145727964326,0.020540913628609426,2832
hibrido_v2,1,15,2.5290696712252823,5.663592890610031,23.30760098868245,-0.006362879530367236,2832
hibrido_v2,4,60,5.56536618552246,9.255128540819198,51.21640275240306,-0.17277317357308394,2832
hibrido_v2,12,180,5.60257984376505,9.285711105208305,51.20574440678056,-0.1561713261827242,2832
hibrido_v2,24,360,5.650577910399246,9.334668840916445,51.255189631681084,-0.08618139419771806,2832
hibrido_v2,48,720,5.6286559754334204,9.255940627346417,52.01145727964326,0.020540913628609426,2832
