target,method,horizon,minutes,mae,rmse,wape_pct,bias,n
power,persistencia,1,15,2.5290696712252823,5.663592890610031,23.30760098868245,-0.006362879530367236,2832
power,persistencia,2,30,4.489486546419491,9.056321623636054,41.35031877750281,-0.012725759060734481,2832
power,persistencia,3,45,5.9361684507591805,11.329776028220179,54.65464042691829,-0.016760510928672378,2832
power,persistencia,4,60,6.988706394816385,12.879809347428171,64.31497757799539,-0.021901008573446307,2832
power,persistencia,5,75,7.774569904050142,13.979492836712526,71.5132143599161,-0.02704150621822033,2832
power,persistencia,6,90,8.516902427923728,14.870909765690904,78.30442312379682,-0.0321820038629944,2832
power,persistencia,7,105,9.169728998524011,15.568762742928717,84.22816648571968,-0.04229905432203388,2832
power,persistencia,8,120,9.694754714904661,16.145684001939674,88.95581302369797,-0.053920088866525405,2832
power,persistencia,9,135,10.2095398415113,16.737062238274063,93.61330678482182,-0.0616039541242938,2832
power,persistencia,10,150,10.701033416938559,17.333073579113897,98.05088776663456,-0.0692811430543785,2832
power,persistencia,11,165,11.161129740639124,17.83885616279188,102.16269451576137,-0.08038482383827684,2832
power,persistencia,12,180,11.568707678022598,18.25136312331713,105.73419835093155,-0.09683758932203398,2832
power,persistencia,13,195,11.916388555879237,18.58037674099388,108.75846819330779,-0.11227188459392656,2832
power,persistencia,14,210,12.236074992545905,18.87366657018652,111.56337524098915,-0.12335070886652548,2832
power,persistencia,15,225,12.557488109385591,19.16836202487343,114.36276237514076,-0.13592582848163853,2832
power,persistencia,16,240,12.850636765501413,19.450150712353278,116.90087940265674,-0.1482895237217515,2832
power,persistencia,17,255,13.109464154664547,19.714704966194684,119.13429376762083,-0.15946467570268372,2832
power,persistencia,18,270,13.288534482019775,19.90926844658757,120.68053664951674,-0.16685834103107344,2832
power,persistencia,19,285,13.440642758057908,20.04660065963315,122.04827321371357,-0.16808921697740115,2832
power,persistencia,20,300,13.57520458736582,20.152099740887383,123.27016707720927,-0.16808921697740106,2832
power,persistencia,21,315,13.714172213343927,20.243219990018265,124.5263714284555,-0.1685929919173729,2832
power,persistencia,22,330,13.873391728908897,20.315518461138137,125.92890111786136,-0.17237130397951975,2832
power,persistencia,23,345,13.980810672108051,20.35140637000493,126.86043606194144,-0.17614961604166665,2832
power,persistencia,24,360,14.079194805850989,20.361569558743057,127.70937965605083,-0.17992792810381356,2832
power,persistencia,25,375,14.152457118492231,20.36129271936045,128.35339801430294,-0.18169114039901138,2832
power,persistencia,26,390,14.230816531433616,20.35176022415701,129.03263001434638,-0.1843774172175141,2832
power,persistencia,27,405,14.285000018449859,20.34135737419807,129.5094288255105,-0.18561134781426558,2832
power,persistencia,28,420,14.330245671567797,20.33848463927106,129.97104709439213,-0.18124788824858762,2832
power,persistencia,29,435,14.428493977747177,20.359808760943498,131.04129989199524,-0.16617265124293784,2832
power,persistencia,30,450,14.629249748428673,20.448745187415238,133.16000641804473,-0.141745264269068,2832
power,persistencia,31,465,14.871430333573446,20.650024771635586,135.61674487625686,-0.12130377757062148,2832
power,persistencia,32,480,15.196075310572033,20.934010538807247,138.75296397106905,-0.10741879338983054,2832
power,persistencia,33,495,15.569447268047314,21.213989972596845,142.32012421871983,-0.09526338350635599,2832
power,persistencia,34,510,15.904344163209748,21.474138993936435,145.53837258753123,-0.08346511227048022,2832
power,persistencia,35,525,16.201647256419495,21.69734459191368,148.44978364902616,-0.06941718116525425,2832
power,persistencia,36,540,16.490616742966104,21.920730601146552,151.2636129780322,-0.05743229404661024,2832
power,persistencia,37,555,16.767120350967517,22.169232568899186,153.91599957050684,-0.049208923919491554,2832
power,persistencia,38,570,17.089367818644067,22.445177928543412,157.0026700083569,-0.040288941560734474,2832
power,persistencia,39,585,17.429942652256358,22.741199637350416,160.26305143602792,-0.03135990726341803,2832
power,persistencia,40,600,17.754022101624294,23.007494465872078,163.37699610125102,-0.022430872966101696,2832
power,persistencia,41,615,18.01081372675494,23.211016814204136,165.87635350549735,-0.013501838668785286,2832
power,persistencia,42,630,18.23375669022952,23.388302945958774,168.07147111063622,-0.004337661726694866,2832
power,persistencia,43,645,18.44470441861935,23.532453688421867,170.10726097180225,0.0014888217125706249,2832
power,persistencia,44,660,18.621984095960453,23.650287680218515,171.78298814239145,0.0040613492867231475,2832
power,persistencia,45,675,18.761123479699858,23.745070423502472,173.1075929723936,0.00663387686087573,2832
power,persistencia,46,690,18.872796734579804,23.80810579706878,174.19127616384134,0.009948963972457528,2832
power,persistencia,47,705,18.957891430060027,23.87253825748927,175.078245697583,0.016234289226694856,2832
power,persistencia,48,720,19.041992790942796,23.960160929021594,175.95706664043058,0.022519614480932107,2832
power,dia_anterior,1,15,8.529641087715396,14.666904808464885,78.60814326749039,-0.34498433340042384,2832
power,dia_anterior,2,30,8.530755865935735,14.66702478600521,78.57234247662988,-0.34386955518008483,2832
power,dia_anterior,3,45,8.53642628783192,14.670128673864477,78.59536217047184,-0.3381991332838983,2832
power,dia_anterior,4,60,8.539485220812146,14.671031815545525,78.58633192997172,-0.3351402003036723,2832
power,dia_anterior,5,75,8.54055134888418,14.671141518854759,78.55897971236327,-0.3340740722316385,2832
power,dia_anterior,6,90,8.540650467718926,14.67114246708043,78.52276266357916,-0.33397495339689276,2832
power,dia_anterior,7,105,8.545769654007767,14.673671554000476,78.49681373159859,-0.33909413968573443,2832
power,dia_anterior,8,120,8.552392824382062,14.677904022008317,78.47388400877439,-0.3457173100600282,2832
power,dia_anterior,9,135,8.555078825469632,14.678600009255167,78.44322379748613,-0.348403311147599,2832
power,dia_anterior,10,150,8.557410582747176,14.679124499650978,78.4094088795024,-0.3507350684251413,2832
power,dia_anterior,11,165,8.560909643248587,14.680305495940242,78.3617444635276,-0.35423412892655354,2832
power,dia_anterior,12,180,8.56975778844986,14.68785504454252,78.32477879484958,-0.36308227412782484,2832
power,dia_anterior,13,195,8.577587463439267,14.693763922176593,78.28590591379412,-0.3709119491172315,2832
power,dia_anterior,14,210,8.58008634592514,14.694365667840012,78.22961147211544,-0.3734108316031072,2832
power,dia_anterior,15,225,8.58304201812147,14.695207474782567,78.16693802326846,-0.37045515940677964,2832
power,dia_anterior,16,240,8.587095144851695,14.6967903420877,78.11589357519894,-0.3664020326765536,2832
power,dia_anterior,17,255,8.592332611066384,14.699433019662273,78.08415854065736,-0.3611645664618644,2832
power,dia_anterior,18,270,8.599845018538135,14.704868534091382,78.09995250748756,-0.35365215899011304,2832
power,dia_anterior,19,285,8.607023585074153,14.709829934846455,78.15640851240015,-0.3464735924540961,2832
power,dia_anterior,20,300,8.614016773562854,14.714536852402125,78.21991042928522,-0.33948040396539547,2832
power,dia_anterior,21,315,8.618323943340396,14.71632200067827,78.2554420174863,-0.3351732341878532,2832
power,dia_anterior,22,330,8.62088110414548,14.71695117467623,78.25181508070604,-0.3326160733827684,2832
power,dia_anterior,23,345,8.62267270233051,14.717260006520656,78.24124399448083,-0.3308244751977399,2832
power,dia_anterior,24,360,8.62463256105579,14.717629562617617,78.2322064097072,-0.3288646164724575,2832
power,dia_anterior,25,375,8.630473767510594,14.720911891339496,78.27267203557547,-0.32302341001765533,2832
power,dia_anterior,26,390,8.633686789152542,14.722431811686779,78.2827401831624,-0.31810526808615824,2832
power,dia_anterior,27,405,8.634264348372175,14.722748047204789,78.27921894588088,-0.3124123479978815,2832
power,dia_anterior,28,420,8.627382233887712,14.716506257379539,78.24777943944804,-0.305530233513418,2832
power,dia_anterior,29,435,8.609775588019067,14.6840864995105,78.19500680891893,-0.287923587644774,2832
power,dia_anterior,30,450,8.589158068283899,14.627838407900521,78.18120294385794,-0.2596863334322033,2832
power,dia_anterior,31,465,8.572272457676553,14.588560635560428,78.17295719551258,-0.23568897064265523,2832
power,dia_anterior,32,480,8.558387473495761,14.569835697368678,78.1452845218694,-0.22180398646186428,2832
power,dia_anterior,33,495,8.546232063612289,14.555468833061955,78.12100121187237,-0.20964857657839,2832
power,dia_anterior,34,510,8.534433792376413,14.541920808616382,78.09737970659097,-0.19785030534251427,2832
power,dia_anterior,35,525,8.520385861271187,14.522691952697311,78.06918751491547,-0.1838023742372882,2832
power,dia_anterior,36,540,8.508400974152542,14.508680163903014,78.04507812390239,-0.1718174871186442,2832
power,dia_anterior,37,555,8.505741399187853,14.507989812596545,78.0795784929579,-0.169157912153955,2832
power,dia_anterior,38,570,8.50440841023305,14.507816387594286,78.13131775368713,-0.16782492319915268,2832
power,dia_anterior,39,585,8.503066369339688,14.507640597122004,78.18312372571327,-0.16648288230579109,2832
power,dia_anterior,40,600,8.501724328446327,14.507464804519628,78.23501483280288,-0.1651408414124294,2832
power,dia_anterior,41,615,8.493301093707627,14.500537995274788,78.2217747638828,-0.1567176066737289,2832
power,dia_anterior,42,630,8.484136916765536,14.492334688885926,78.20337832350947,-0.1475534297316385,2832
power,dia_anterior,43,645,8.478310433326271,14.489017366807152,78.19166589766046,-0.1417269462923729,2832
power,dia_anterior,44,660,8.47573790575212,14.488370590517212,78.18649058333544,-0.13915441871822049,2832
power,dia_anterior,45,675,8.473165378177965,14.487723785353198,78.18131281212985,-0.13658189114406796,2832
power,dia_anterior,46,690,8.469850291066384,14.486649625080547,78.17463685253776,-0.13326680403248595,2832
power,dia_anterior,47,705,8.463564965812147,14.482787656796889,78.16196817185923,-0.1269814787782486,2832
power,dia_anterior,48,720,8.457279640557909,14.478924658409213,78.14928477539488,-0.12069615352401138,2832
power,semana_anterior,1,15,7.123750544466809,12.497361717961821,65.65162562441387,-0.11017093676200565,2832
power,semana_anterior,2,30,7.124407816013418,12.49741066582381,65.61920416668528,-0.11082820830861573,2832
power,semana_anterior,3,45,7.1255266932274,12.4975525080722,65.60512938627028,-0.11194708552259877,2832
power,semana_anterior,4,60,7.127927429223164,12.498205511928013,65.5961871753679,-0.11434782151836163,2832
power,semana_anterior,5,75,7.129291175335452,12.498416218936823,65.57771482515366,-0.11571156763064952,2832
power,semana_anterior,6,90,7.130654921447739,12.498626922393449,65.5592599356509,-0.11707531374293778,2832
power,semana_anterior,7,105,7.138516081472457,12.505626190614207,65.57054424051472,-0.12493647376765527,2832
power,semana_anterior,8,120,7.146398466306497,12.512659358304246,65.57295201953487,-0.13281885860169496,2832
power,semana_anterior,9,135,7.149765718728813,12.513942405743064,65.55762767540023,-0.13618611102401124,2832
power,semana_anterior,10,150,7.1520133391913845,12.514514022744345,65.53210609701567,-0.13393849056144058,2832
power,semana_anterior,11,165,7.15444108783192,12.515180898811979,65.48772357925561,-0.13151074192090392,2832
power,semana_anterior,12,180,7.1555383947634175,12.515317131085157,65.39927682475094,-0.13041343498940688,2832
power,semana_anterior,13,195,7.1573762928001425,12.515699301964284,65.32392580501956,-0.13225133302612985,2832
power,semana_anterior,14,210,7.160231225685028,12.516621414531253,65.28397084277265,-0.12939640014124287,2832
power,semana_anterior,15,225,7.161589863227402,12.516830238207026,65.221578760194,-0.12803776259887,2832
power,semana_anterior,16,240,7.1631599251447735,12.517109105520476,65.16250593895138,-0.12646770068149715,2832
power,semana_anterior,17,255,7.1651900058156786,12.517575311371994,65.11477822302408,-0.12443762001059318,2832
power,semana_anterior,18,270,7.165360802125705,12.517578611265696,65.07260737126143,-0.1246084163206213,2832
power,semana_anterior,19,285,7.167826148262712,12.518266133592046,65.08772086566297,-0.12214307018361588,2832
power,semana_anterior,20,300,7.171522370346045,12.51981141786144,65.12128455237094,-0.11844684810028258,2832
power,semana_anterior,21,315,7.174714817489407,12.520964055788633,65.14729349735076,-0.11525440095692083,2832
power,semana_anterior,22,330,7.174887884742232,12.52096744310083,65.12652166281083,-0.11508133370409598,2832
power,semana_anterior,23,345,7.178891531836158,12.522780057855373,65.14052235804967,-0.11107768661016947,2832
power,semana_anterior,24,360,7.186512479392656,12.52934553985156,65.18732521921592,-0.10345673905367234,2832
power,semana_anterior,25,375,7.195638212256355,12.538753757285717,65.25966534940922,-0.09433100618997164,2832
power,semana_anterior,26,390,7.196847397856638,12.539151708733277,65.25473401376195,-0.09141670030014122,2832
power,semana_anterior,27,405,7.194373785459039,12.538413751846681,65.22500794600167,-0.08877495182909595,2832
power,semana_anterior,28,420,7.186302782899012,12.530901674173368,65.17761934004189,-0.08053581319562145,2832
power,semana_anterior,29,435,7.174203660324858,12.507100584764592,65.15697166930978,-0.06314381889124286,2832
power,semana_anterior,30,450,7.166803806479519,12.49008773469204,65.23448962037065,-0.04285055767302247,2832
power,semana_anterior,31,465,7.169499648834745,12.493204001005351,65.38067845238666,-0.03265299265536719,2832
power,semana_anterior,32,480,7.173600653569916,12.495278411017976,65.50101474787672,-0.028189745243644065,2832
power,semana_anterior,33,495,7.175374171472458,12.496001616726664,65.59000623583671,-0.024591245130649694,2832
power,semana_anterior,34,510,7.172014627535312,12.49472260343529,65.6300773143482,-0.02123170119350282,2832
power,semana_anterior,35,525,7.166793379096045,12.49163274164461,65.66671337462517,-0.016010452754237313,2832
power,semana_anterior,36,540,7.163635174643363,12.490502049995191,65.7099340469039,-0.012852248301553699,2832
power,semana_anterior,37,555,7.1630318621045195,12.490460786237103,65.75399865532593,-0.01345556084039555,2832
power,semana_anterior,38,570,7.162938562411723,12.490459799400528,65.80702641191627,-0.013362261147598892,2832
power,semana_anterior,39,585,7.162836210780367,12.490458611789048,65.86011273694773,-0.013259909516242858,2832
power,semana_anterior,40,600,7.162733859149012,12.490457424177457,65.91328630110382,-0.013157557884887025,2832
power,semana_anterior,41,615,7.162631507517656,12.490456236565754,65.96654731960729,-0.013055206253531071,2832
power,semana_anterior,42,630,7.162559237764831,12.49045564446161,66.02160423985887,-0.012982936500706201,2832
power,semana_anterior,43,645,7.154647712182204,12.483357761073448,65.9841165201273,-0.020894462083333305,2832
power,semana_anterior,44,660,7.1459767671857355,12.47482650211198,65.9197879204267,-0.029565407079802167,2832
power,semana_anterior,45,675,7.139295079558615,12.469757887011282,65.87378352257488,-0.03624709470692084,2832
power,semana_anterior,46,690,7.130783246518362,12.46152798312675,65.81537708626355,-0.04475892774717502,2832
power,semana_anterior,47,705,7.1245788330508475,12.457153067704972,65.79628161847353,-0.05096334121468928,2832
power,semana_anterior,48,720,7.11819251407839,12.452516180834317,65.7754830762696,-0.057349660187146816,2832
power,media_4semanas,1,15,5.670076288442797,9.622524194708248,52.25473904891969,0.051034487824858824,2832
power,media_4semanas,2,30,5.6717554879713985,9.622939119596396,52.239581304172205,0.05271368735346046,2832
power,media_4semanas,3,45,5.674284531814972,9.62388024391423,52.243460295792225,0.05524273119703386,2832
power,media_4semanas,4,60,5.676266510703567,9.624458204271773,52.23698532154714,0.05722471008562856,2832
power,media_4semanas,5,75,5.678029593644068,9.62491552631061,52.22850298904416,0.05898779302612992,2832
power,media_4semanas,6,90,5.679509446974753,9.625237704700503,52.21742466056757,0.06046764635681513,2832
power,media_4semanas,7,105,5.683496326372705,9.627575816328717,52.20552045493942,0.05648076695886301,2832
power,media_4semanas,8,120,5.6899794852065675,9.633755699518787,52.209340625869594,0.049997608125000086,2832
power,media_4semanas,9,135,5.690547733693503,9.633803161201385,52.177766974565834,0.04942935963806497,2832
power,media_4semanas,10,150,5.695042942537077,9.63677276357536,52.18225143573284,0.05392456848163853,2832
power,media_4semanas,11,165,5.697473825159782,9.637641004093759,52.15146597498597,0.05635545110434315,2832
power,media_4semanas,12,180,5.699405023516066,9.638188945258953,52.09069483046594,0.054424252748058,2832
power,media_4semanas,13,195,5.703321428462218,9.640442106322961,52.05306114893228,0.05050784780190676,2832
power,media_4semanas,14,210,5.7034588753486934,9.640444881150861,52.00173446711483,0.0506452946883828,2832
power,media_4semanas,15,225,5.704380676110522,9.640569687733453,51.95057531225417,0.049723493926553716,2832
power,media_4semanas,16,240,5.704411766644597,9.6405698297101,51.89242869161407,0.04969240339247885,2832
power,media_4semanas,17,255,5.705371622944033,9.64070515218736,51.84845169582408,0.05065225969191382,2832
power,media_4semanas,18,270,5.7086261150494355,9.642260708943475,51.84319339561213,0.05390675179731646,2832
power,media_4semanas,19,285,5.717099611838806,9.652799055088455,51.91434278672405,0.06238024858668796,2832
power,media_4semanas,20,300,5.726897053534604,9.666869860102016,52.003308832649736,0.072177690282486,2832
power,media_4semanas,21,315,5.736321205791843,9.679870658689746,52.08650248757431,0.08160184253972463,2832
power,media_4semanas,22,330,5.742221225000883,9.684961462539937,52.12219354645812,0.08750186174876419,2832
power,media_4semanas,23,345,5.748148442365819,9.690096598476261,52.15810692595162,0.09342907911370067,2832
power,media_4semanas,24,360,5.7533685831903245,9.694077765331055,52.18758194797472,0.09864921993820622,2832
power,media_4semanas,25,375,5.759830197864583,9.700174570537191,52.237839103947536,0.10511083461246475,2832
power,media_4semanas,26,390,5.763605628764124,9.702286330366087,52.25934794410603,0.10888626551200577,2832
power,media_4semanas,27,405,5.765898086191737,9.704133043214256,52.274285393373674,0.11440640757591816,2832
power,media_4semanas,28,420,5.76251865411988,9.698686003991032,52.264322646116106,0.12544944046521897,2832
power,media_4semanas,29,435,5.751727767032133,9.663590305813175,52.23787627310335,0.14768560621645485,2832
power,media_4semanas,30,450,5.741843880716807,9.618000345271817,52.26405872862925,0.17909004844456208,2832
power,media_4semanas,31,465,5.740770852838984,9.61471159302079,52.35169978135116,0.19990461784781074,2832
power,media_4semanas,32,480,5.7415368425626765,9.616001814232977,52.42506623407066,0.21134244109904665,2832
power,media_4semanas,33,495,5.744747994237287,9.619757957299207,52.512670107628885,0.21928750513418085,2832
power,media_4semanas,34,510,5.746487415105049,9.620602728868281,52.585282228973874,0.2210269260019421,2832
power,media_4semanas,35,525,5.746086919236405,9.62039276624035,52.64929833916499,0.22458879750794492,2832
power,media_4semanas,36,540,5.74647950242673,9.620552754804462,52.71077880164999,0.2249813806982698,2832
power,media_4semanas,37,555,5.744515899865819,9.619071457352025,52.732543708705336,0.22301777813735887,2832
power,media_4semanas,38,570,5.745230275244527,9.61932782134499,52.78232071534915,0.2237321535160664,2832
power,media_4semanas,39,585,5.745613390018538,9.619428042166676,52.82917750374069,0.22550925730843926,2832
power,media_4semanas,40,600,5.745422010363701,9.619416146540594,52.870824651128174,0.22593151470515535,2832
power,media_4semanas,41,615,5.744975137857521,9.619386750930733,52.91018725222496,0.22548464219897596,2832
power,media_4semanas,42,630,5.744915871185557,9.619386233875472,52.95433509839408,0.22542537552701264,2832
power,media_4semanas,43,645,5.740102347077154,9.615974939435725,52.938397157149865,0.22061185141860876,2832
power,media_4semanas,44,660,5.732097453102931,9.606534453811463,52.87711683907048,0.21260695744438554,2832
power,media_4semanas,45,675,5.722081317620057,9.591735482236503,52.79724984259615,0.20259082196151135,2832
power,media_4semanas,46,690,5.711730930074153,9.575907054785901,52.71787291552435,0.19224043441560743,2832
power,media_4semanas,47,705,5.704544581774364,9.56826741063175,52.68210663434238,0.18505408611581914,2832
power,media_4semanas,48,720,5.699266737399364,9.564144188862215,52.66393429111881,0.17977624174081921,2832
power,lightgbm_residual,1,15,5.555060362699203,9.251656113429563,51.19476615253173,-0.19206128584428703,2832
power,lightgbm_residual,2,30,5.56111361313998,9.257731561332037,51.2205167080062,-0.18619399968712985,2832
power,lightgbm_residual,3,45,5.564219607616954,9.258009325504668,51.23008628096126,-0.17977764510734542,2832
power,lightgbm_residual,4,60,5.56536618552246,9.255128540819198,51.21640275240306,-0.17277317357308394,2832
power,lightgbm_residual,5,75,5.57014227452939,9.257982232411328,51.23611767721549,-0.16623564662285809,2832
power,lightgbm_residual,6,90,5.574080942695854,9.260155060565273,51.24811471740125,-0.1588169212250814,2832
power,lightgbm_residual,7,105,5.580249358066446,9.265919818989868,51.257149697521704,-0.15852389989312182,2832
power,lightgbm_residual,8,120,5.587585348272043,9.272415032629498,51.26980641714257,-0.1609677706950577,2832
power,lightgbm_residual,9,135,5.59086023669357,9.27490394667642,51.26371243497512,-0.15853996157835842,2832
power,lightgbm_residual,10,150,5.595512430794851,9.278883666726147,51.27027829669514,-0.1541088934110852,2832
power,lightgbm_residual,11,165,5.597731508820256,9.281684858781675,51.23848099664757,-0.15440047395423356,2832
power,lightgbm_residual,12,180,5.60257984376505,9.285711105208305,51.20574440678056,-0.1561713261827242,2832
power,lightgbm_residual,13,195,5.610134713411375,9.291821558463843,51.2025648481973,-0.15780388009729202,2832
power,lightgbm_residual,14,210,5.612039636141799,9.292859291498289,51.16821237002915,-0.15599248267257396,2832
power,lightgbm_residual,15,225,5.613967423537867,9.293750503911674,51.12716945039219,-0.15582988244998622,2832
power,lightgbm_residual,16,240,5.6142049213329885,9.292030680059268,51.071826589360576,-0.15536747268610457,2832
power,lightgbm_residual,17,255,5.611150572267028,9.288807263740956,50.992203248289016,-0.15338233739586923,2832
power,lightgbm_residual,18,270,5.612630538096974,9.288416934368147,50.97140442909533,-0.14571831898946802,2832
power,lightgbm_residual,19,285,5.6197281866028925,9.29845728963865,51.030157816977955,-0.13300300876085464,2832
power,lightgbm_residual,20,300,5.628030622132813,9.310681768457442,51.10554840194737,-0.11981798223140257,2832
power,lightgbm_residual,21,315,5.636178784428666,9.322623920066702,51.17719697759375,-0.10702139312064142,2832
power,lightgbm_residual,22,330,5.641992868778928,9.328273079085026,51.21241985834264,-0.09853726847477279,2832
power,lightgbm_residual,23,345,5.64629691045912,9.330816897611962,51.233916615797575,-0.09323723206120922,2832
power,lightgbm_residual,24,360,5.650577910399246,9.334668840916445,51.255189631681084,-0.08618139419771806,2832
power,lightgbm_residual,25,375,5.656656653339928,9.340767721849843,51.30212349541083,-0.07912309985037293,2832
power,lightgbm_residual,26,390,5.660112742957013,9.343468001625547,51.3209647379162,-0.07318183165445731,2832
power,lightgbm_residual,27,405,5.663136533530639,9.347074883825588,51.34263751285756,-0.06560374388634355,2832
power,lightgbm_residual,28,420,5.66094549045107,9.343510732013195,51.34308439652223,-0.05322170901694249,2832
power,lightgbm_residual,29,435,5.649554941242708,9.30839800088949,51.309930506501935,-0.02965536641402341,2832
power,lightgbm_residual,30,450,5.634537070816381,9.247881594096537,51.287318585371025,0.001013666104610619,2832
power,lightgbm_residual,31,465,5.629191549844383,9.234557271913529,51.334176817636795,0.02232950526282401,2832
power,lightgbm_residual,32,480,5.629836767178142,9.237101749522902,51.40515048486314,0.03452320840035156,2832
power,lightgbm_residual,33,495,5.633456592004165,9.244349172342412,51.49535678124,0.04288170535043763,2832
power,lightgbm_residual,34,510,5.637129711157793,9.250953513360253,51.5845655631959,0.04696919107406624,2832
power,lightgbm_residual,35,525,5.638818088244644,9.25600389847021,51.666433171137,0.05263470588793679,2832
power,lightgbm_residual,36,540,5.641718450668312,9.25825329949455,51.749836258666186,0.05577163386966459,2832
power,lightgbm_residual,37,555,5.638699908537458,9.256106591515634,51.76119181673248,0.0554340306748062,2832
power,lightgbm_residual,38,570,5.640806322495917,9.257945978357405,51.82296168180597,0.05608918062139368,2832
power,lightgbm_residual,39,585,5.643903688723985,9.261146768269239,51.893987559899884,0.05605854010050888,2832
power,lightgbm_residual,40,600,5.644687588469059,9.264394733173935,51.94384105502028,0.05480892080654068,2832
power,lightgbm_residual,41,615,5.648078298015782,9.267925613215814,52.01778479318016,0.055075259365313455,2832
power,lightgbm_residual,42,630,5.650930849733194,9.272251229921489,52.088018788144765,0.055379645554928955,2832
power,lightgbm_residual,43,645,5.6486711055559065,9.274126367858265,52.09516770172251,0.05068062768816904,2832
power,lightgbm_residual,44,660,5.643664762725817,9.269193445018553,52.06134813665027,0.04311699969401034,2832
power,lightgbm_residual,45,675,5.638634977225118,9.262408619266328,52.0272962124869,0.0345339341847078,2832
power,lightgbm_residual,46,690,5.6339913625671665,9.25778495534805,52.00035581072476,0.028098863993222395,2832
power,lightgbm_residual,47,705,5.6319911892379,9.257003490770146,52.01206794720491,0.024483603981411247,2832
power,lightgbm_residual,48,720,5.6286559754334204,9.255940627346417,52.01145727964326,0.020540913628609426,2832
occupancy,lightgbm_poisson,1,15,0.4628939125711668,0.7649529201142028,28.74184521818777,-0.05850726968266071,2832
occupancy,lightgbm_poisson,2,30,0.4656700533193736,0.7684071919350891,28.888884797381515,-0.055793148561456146,2832
occupancy,lightgbm_poisson,3,45,0.46794962130733486,0.7712519828525487,29.004887886679192,-0.0528988062015284,2832
occupancy,lightgbm_poisson,4,60,0.46983751900382403,0.7735491936535642,29.096432403648144,-0.050398327040399524,2832
occupancy,lightgbm_poisson,5,75,0.4719533228842683,0.7757112898347659,29.20191851449088,-0.04822243629925619,2832
occupancy,lightgbm_poisson,6,90,0.4739051629314603,0.7777229112244177,29.297084073824397,-0.04608079474906369,2832
occupancy,lightgbm_poisson,7,105,0.4756272108038971,0.7797184780396751,29.37789009807277,-0.0441260046371392,2832
occupancy,lightgbm_poisson,8,120,0.47749270527509985,0.7815268660931052,29.467407743279207,-0.042610644479877155,2832
occupancy,lightgbm_poisson,9,135,0.4791099474609893,0.783271930988888,29.541462469181837,-0.041178888552009865,2832
occupancy,lightgbm_poisson,10,150,0.4804450017476709,0.7847066468379138,29.59800402326308,-0.039838126405609714,2832
occupancy,lightgbm_poisson,11,165,0.48244839332283546,0.7864545878134925,29.695584653124754,-0.03888907821193085,2832
occupancy,lightgbm_poisson,12,180,0.48385855730838184,0.7879123733712561,29.756513231212537,-0.03825536893405045,2832
occupancy,lightgbm_poisson,13,195,0.4852911927038901,0.7894729999762901,29.818716809230132,-0.03743521687711253,2832
occupancy,lightgbm_poisson,14,210,0.48630708880935497,0.7903129332468496,29.85522817056348,-0.03691819720402161,2832
occupancy,lightgbm_poisson,15,225,0.48665271440831614,0.7901235390941646,29.850562859093593,-0.036191542826336874,2832
occupancy,lightgbm_poisson,16,240,0.48668696600500333,0.7899138109576308,29.826822932832062,-0.035511499835145344,2832
occupancy,lightgbm_poisson,17,255,0.48715403664559337,0.7906802214050347,29.82962663308801,-0.035167992588817025,2832
occupancy,lightgbm_poisson,18,270,0.4880121778943569,0.7920281004579864,29.86280224280075,-0.03460527622498888,2832
occupancy,lightgbm_poisson,19,285,0.48851887358232343,0.7933519905478201,29.874442884585186,-0.03427530961647955,2832
occupancy,lightgbm_poisson,20,300,0.4886899878729945,0.7937278687639139,29.865559897633158,-0.03409964712203778,2832
occupancy,lightgbm_poisson,21,315,0.4885413415957753,0.7940076598781912,29.83072616212237,-0.03433340469738508,2832
occupancy,lightgbm_poisson,22,330,0.48900982590324493,0.7945639517956857,29.83360247647543,-0.034669724387233467,2832
occupancy,lightgbm_poisson,23,345,0.4892112386374841,0.7952122750648885,29.8201943138475,-0.034919482595303634,2832
occupancy,lightgbm_poisson,24,360,0.4900249684061869,0.7959708050259306,29.844101301641324,-0.03525500032511442,2832
occupancy,lightgbm_poisson,25,375,0.4908521299218258,0.7965775597389467,29.87520378118656,-0.0351337767874293,2832
occupancy,lightgbm_poisson,26,390,0.4905482522434778,0.7967244572276755,29.843880780956585,-0.034987372144678085,2832
occupancy,lightgbm_poisson,27,405,0.490116125485796,0.7970238179759983,29.804785642597682,-0.034683827768125564,2832
occupancy,lightgbm_poisson,28,420,0.48962129655595316,0.7963241547097835,29.77469426339831,-0.03395047942515674,2832
occupancy,lightgbm_poisson,29,435,0.48930799904308153,0.7952432631431925,29.7684264938777,-0.032892445751514746,2832
occupancy,lightgbm_poisson,30,450,0.4898365670651936,0.795598469118905,29.82621281291396,-0.03114881410729947,2832
occupancy,lightgbm_poisson,31,465,0.4908440085505333,0.7972214943324581,29.91328238035529,-0.02982906826231968,2832
occupancy,lightgbm_poisson,32,480,0.4920712625135638,0.798861755003662,30.013909442998337,-0.029002082513086,2832
occupancy,lightgbm_poisson,33,495,0.493232450857146,0.8008458923450275,30.11067688785164,-0.02801404422186333,2832
occupancy,lightgbm_poisson,34,510,0.49421532543468816,0.8023926800018701,30.196716324294215,-0.027293582228407637,2832
occupancy,lightgbm_poisson,35,525,0.4949460875158856,0.803231198561349,30.267486932519713,-0.026884260525242724,2832
occupancy,lightgbm_poisson,36,540,0.4954776198280761,0.8035973649374254,30.32618585159091,-0.026518215986310347,2832
occupancy,lightgbm_poisson,37,555,0.4964819246506267,0.804392284147635,30.41394788255624,-0.02622948066039416,2832
occupancy,lightgbm_poisson,38,570,0.49772152085908156,0.8056494969940393,30.51628809423942,-0.02600225639566649,2832
occupancy,lightgbm_poisson,39,585,0.4992814485763905,0.8072019650025996,30.638462889888142,-0.025926094879578605,2832
occupancy,lightgbm_poisson,40,600,0.5005994424478716,0.8087850427547141,30.745990479556976,-0.02601289865779009,2832
occupancy,lightgbm_poisson,41,615,0.5015759825757171,0.810638903633397,30.832715056532034,-0.02641857511893958,2832
occupancy,lightgbm_poisson,42,630,0.502185560934334,0.811720426117186,30.897013003824323,-0.027051449868682378,2832
occupancy,lightgbm_poisson,43,645,0.5025320637801194,0.8128468888889954,30.94522297510977,-0.027908059728597046,2832
occupancy,lightgbm_poisson,44,660,0.5026323770681371,0.8135944398116393,30.964866039960068,-0.029697817736738158,2832
occupancy,lightgbm_poisson,45,675,0.5027546603547606,0.8139634968037015,30.98588026386685,-0.03151987582115522,2832
occupancy,lightgbm_poisson,46,690,0.5032665423380028,0.814820805438284,31.037692680775784,-0.03287274935106975,2832
occupancy,lightgbm_poisson,47,705,0.5039519927892179,0.8161660351439582,31.100284235760842,-0.034240729355695866,2832
occupancy,lightgbm_poisson,48,720,0.5036698672062787,0.8166608082264017,31.0964260721208,-0.036460829298709835,2832
arrivals,lightgbm_poisson,1,15,0.2933084026590707,0.5560648064654912,89.50963322526813,-0.01823475190263344,2832
arrivals,lightgbm_poisson,2,30,0.2943515524277671,0.5575932627152712,89.63479531993941,-0.01832536091092157,2832
arrivals,lightgbm_poisson,3,45,0.29453442672734015,0.5578323188944169,89.69048349374486,-0.017927293832607806,2832
arrivals,lightgbm_poisson,4,60,0.2943301459015706,0.5565096349974531,89.628276687446,-0.01755392242357509,2832
arrivals,lightgbm_poisson,5,75,0.2951504299195795,0.5577990571177182,89.7815271248388,-0.017521465242422218,2832
arrivals,lightgbm_poisson,6,90,0.2953901910290422,0.5576497442551988,89.8544598275239,-0.017277482615721873,2832
arrivals,lightgbm_poisson,7,105,0.29564393015422374,0.5584644377207433,89.8351513086654,-0.01738466855920171,2832
arrivals,lightgbm_poisson,8,120,0.29645573317817697,0.5603265198692304,89.79279533268418,-0.01804959621143093,2832
arrivals,lightgbm_poisson,9,135,0.29665162319494576,0.560762902512739,89.75613214616307,-0.017964161577468416,2832
arrivals,lightgbm_poisson,10,150,0.297956781628071,0.5637498222194003,89.7674048479465,-0.018972829169545673,2832
arrivals,lightgbm_poisson,11,165,0.2983440848685727,0.563695405067197,89.69325354010596,-0.019511803888303467,2832
arrivals,lightgbm_poisson,12,180,0.2992788418559482,0.5659157603082656,89.59383510951854,-0.020716365918451034,2832
arrivals,lightgbm_poisson,13,195,0.2996245558168657,0.5660818570980177,89.50809515541812,-0.02127534097010915,2832
arrivals,lightgbm_poisson,14,210,0.3007923647948228,0.5690310642705142,89.47940935913216,-0.02257324288085463,2832
arrivals,lightgbm_poisson,15,225,0.3011737133562983,0.5696663124166578,89.49884115687688,-0.022682509983808,2832
arrivals,lightgbm_poisson,16,240,0.3010750402890418,0.5694435585802626,89.37573523045768,-0.023025926765419532,2832
arrivals,lightgbm_poisson,17,255,0.30139672851418303,0.5699672259351398,89.4712300998078,-0.022989487969550738,2832
arrivals,lightgbm_poisson,18,270,0.30181312761785556,0.5706390544790206,89.59484039976593,-0.023082936035301146,2832
arrivals,lightgbm_poisson,19,285,0.30215902224449837,0.5709960626971482,89.69752106880706,-0.02323739148769564,2832
arrivals,lightgbm_poisson,20,300,0.30245468052749186,0.5715611889972063,89.78528881067682,-0.02346393755487355,2832
arrivals,lightgbm_poisson,21,315,0.3029214844504023,0.5727446170035477,89.82970093859049,-0.024101514719376205,2832
arrivals,lightgbm_poisson,22,330,0.30339528487412526,0.5733715967605193,89.97020384958353,-0.024445420837070363,2832
arrivals,lightgbm_poisson,23,345,0.30391188689693116,0.5737887080048732,90.12339933948786,-0.024735526010143383,2832
arrivals,lightgbm_poisson,24,360,0.3042957991292918,0.5748927093431584,90.23724640148212,-0.025159233898824893,2832
arrivals,lightgbm_poisson,25,375,0.3052634978732057,0.5764741217393411,90.52421214417997,-0.02592772257256692,2832
arrivals,lightgbm_poisson,26,390,0.3053021387465096,0.5768995460843306,90.53567088273458,-0.026406935363265466,2832
arrivals,lightgbm_poisson,27,405,0.30559972028564175,0.5769742967543559,90.62391705224476,-0.02686434660027007,2832
arrivals,lightgbm_poisson,28,420,0.30499648607844443,0.5767882655956377,90.63484245269198,-0.026880562982556238,2832
arrivals,lightgbm_poisson,29,435,0.30535680102664275,0.5780241858296081,90.83723324658114,-0.02740047459515162,2832
arrivals,lightgbm_poisson,30,450,0.30495495446550225,0.5773187395474704,90.81308423199815,-0.02786991134019893,2832
arrivals,lightgbm_poisson,31,465,0.30478455794284,0.5774561005935164,90.85788085201293,-0.028791951933852443,2832
arrivals,lightgbm_poisson,32,480,0.3040340891356784,0.5763604399377452,90.63416215076224,-0.030012534613204557,2832
arrivals,lightgbm_poisson,33,495,0.3038079159981529,0.5766920601465136,90.6621726139904,-0.030869629549168436,2832
arrivals,lightgbm_poisson,34,510,0.30366591323499,0.5768323894191465,90.71538673855397,-0.03153752955631855,2832
arrivals,lightgbm_poisson,35,525,0.3036097268852534,0.5768081373904789,90.98653402529499,-0.03151222940435119,2832
arrivals,lightgbm_poisson,36,540,0.30354300450608795,0.5770886675681202,91.15946858549745,-0.03177556157072867,2832
arrivals,lightgbm_poisson,37,555,0.3031835118463365,0.5770137935966881,91.14816407100054,-0.032454414338944616,2832
arrivals,lightgbm_poisson,38,570,0.3028057098382471,0.5767882416641813,91.034582830352,-0.033052261352021495,2832
arrivals,lightgbm_poisson,39,585,0.3024883234931264,0.5764572691638564,90.93916476990805,-0.033461452540625075,2832
arrivals,lightgbm_poisson,40,600,0.3021781609261296,0.5764408350987097,90.94246033398503,-0.03339159867020978,2832
arrivals,lightgbm_poisson,41,615,0.3021833322257126,0.5767199896237147,90.94401666984251,-0.033620469771266794,2832
arrivals,lightgbm_poisson,42,630,0.3018656458425717,0.5764147541993683,90.84840691032551,-0.03381149462039918,2832
arrivals,lightgbm_poisson,43,645,0.30164105439399785,0.5762264882920803,90.78081466990457,-0.033954389776599175,2832
arrivals,lightgbm_poisson,44,660,0.3014353873241116,0.5763321016768931,90.71891784292073,-0.03412167051104152,2832
arrivals,lightgbm_poisson,45,675,0.30120246530964895,0.5759746851414007,90.64881846513559,-0.03424015869176904,2832
arrivals,lightgbm_poisson,46,690,0.30105001642970075,0.5759879399748852,90.6993240988205,-0.03389923616952008,2832
arrivals,lightgbm_poisson,47,705,0.3009288533992262,0.5758735944128042,90.662820513469,-0.034041218299192,2832
arrivals,lightgbm_poisson,48,720,0.30093123141103445,0.576160897393059,90.66353695277124,-0.03418627887160926,2832
queue,lightgbm_poisson,1,15,0.2963554277983059,0.5970027760565783,73.68556378619863,-0.02717073679735332,2832
queue,lightgbm_poisson,2,30,0.29944386838024073,0.6029551907895251,74.25788399762186,-0.028082858575754596,2832
queue,lightgbm_poisson,3,45,0.30283024811126086,0.6088979249289141,74.90089630140531,-0.029141345387459668,2832
queue,lightgbm_poisson,4,60,0.3035757908460293,0.6098897212678646,75.01977658603448,-0.02902278513397551,2832
queue,lightgbm_poisson,5,75,0.3048495255927582,0.6121070289705065,75.26886281418406,-0.0287166053487071,2832
queue,lightgbm_poisson,6,90,0.30607840023226707,0.61428980022126,75.50644855904011,-0.028494816544877156,2832
queue,lightgbm_poisson,7,105,0.30759131763018127,0.6171328706954466,75.81363024618567,-0.0279269200371548,2832
queue,lightgbm_poisson,8,120,0.3089350091005482,0.620172175759836,75.94652307055144,-0.028125059293179502,2832
queue,lightgbm_poisson,9,135,0.31010550473050347,0.6223054868510941,76.03625882223254,-0.02822084464110511,2832
queue,lightgbm_poisson,10,150,0.31109584353141817,0.6238530196200726,76.08147054239865,-0.027964900421331804,2832
queue,lightgbm_poisson,11,165,0.3119118399625447,0.6249812091994739,76.08392168595405,-0.027847856085373792,2832
queue,lightgbm_poisson,12,180,0.3123107450487142,0.6251951376194521,75.9848823005119,-0.02750738729442624,2832
queue,lightgbm_poisson,13,195,0.31263454989742456,0.6250634837750667,75.86812727587886,-0.027271329202102387,2832
queue,lightgbm_poisson,14,210,0.3129251052727851,0.6249814138559154,75.80871669226069,-0.026838618706066564,2832
queue,lightgbm_poisson,15,225,0.31357232566859744,0.6254132923066399,75.77106026394777,-0.02678018973145477,2832
queue,lightgbm_poisson,16,240,0.3143232427040836,0.6258626396180328,75.75858922025232,-0.026913663005153736,2832
queue,lightgbm_poisson,17,255,0.3146614931550969,0.6257633356193909,75.77562488224783,-0.026057312870405833,2832
queue,lightgbm_poisson,18,270,0.31559642126016163,0.6265287274402086,76.00077083407973,-0.024977587024827632,2832
queue,lightgbm_poisson,19,285,0.31616992339777883,0.6264878228842283,76.13887951211817,-0.024162605452068463,2832
queue,lightgbm_poisson,20,300,0.3167299633527681,0.6266962094424252,76.27374627678905,-0.023393561361214496,2832
queue,lightgbm_poisson,21,315,0.3168753337955043,0.6264270098927034,76.30875385279491,-0.022944294568434165,2832
queue,lightgbm_poisson,22,330,0.31727973381887464,0.6267482925559842,76.40613998087184,-0.02255315216018144,2832
queue,lightgbm_poisson,23,345,0.31760697591994125,0.627350570287209,76.48494522153688,-0.02236219671427984,2832
queue,lightgbm_poisson,24,360,0.31783066227240014,0.6277345603372461,76.53881254723106,-0.02261441947121663,2832
queue,lightgbm_poisson,25,375,0.3184314603898277,0.6284500901287364,76.68349454285648,-0.02269367229483448,2832
queue,lightgbm_poisson,26,390,0.31905763198645865,0.6292272036564138,76.83428688653494,-0.022910723174636802,2832
queue,lightgbm_poisson,27,405,0.3189242101948105,0.6296152747953894,76.80215674079109,-0.02324180260807631,2832
queue,lightgbm_poisson,28,420,0.3189455902515027,0.6299852775388678,76.80730540750474,-0.023872110178268718,2832
queue,lightgbm_poisson,29,435,0.3190198628819468,0.6304941993832988,76.82519146953004,-0.024500773432178078,2832
queue,lightgbm_poisson,30,450,0.31838980252026133,0.630387251702985,76.73871665850044,-0.0248169948483954,2832
queue,lightgbm_poisson,31,465,0.3177812698033726,0.6296509028600614,76.72263905227207,-0.02495055511281462,2832
queue,lightgbm_poisson,32,480,0.31724140619327,0.6291218712466626,76.65765037025092,-0.0262079925098605,2832
queue,lightgbm_poisson,33,495,0.31649540026495265,0.6281630891375609,76.5426962895257,-0.0279742569198578,2832
queue,lightgbm_poisson,34,510,0.31588926563639647,0.6267323749878465,76.46140173352775,-0.029806231027772453,2832
queue,lightgbm_poisson,35,525,0.31571720612378046,0.6263043461368559,76.61620631898425,-0.030579003215686358,2832
queue,lightgbm_poisson,36,540,0.3148119859151985,0.6256878726658354,76.5934316247287,-0.031173081591827516,2832
queue,lightgbm_poisson,37,555,0.31454713181108057,0.6256548516286452,76.72674222988631,-0.03162130205907621,2832
queue,lightgbm_poisson,38,570,0.3141435495774038,0.6252920817243596,76.69435624165584,-0.03260120603369152,2832
queue,lightgbm_poisson,39,585,0.31365392919904733,0.6250422772836917,76.57482133549155,-0.03381246948798151,2832
queue,lightgbm_poisson,40,600,0.3137626440650802,0.6257553357903562,76.66745539191605,-0.03398082018641498,2832
queue,lightgbm_poisson,41,615,0.31390347656290674,0.6261919521657228,76.76810411279378,-0.033996187091056077,2832
queue,lightgbm_poisson,42,630,0.31368542134024446,0.6261849796759285,76.78108152424998,-0.0337100954721476,2832
queue,lightgbm_poisson,43,645,0.3133370215804304,0.6262888402169418,76.69580338079334,-0.03424108017600933,2832
queue,lightgbm_poisson,44,660,0.31287988751206836,0.6261968771476956,76.58391023631613,-0.034589429707333044,2832
queue,lightgbm_poisson,45,675,0.31239726578668164,0.6259144227779241,76.4657784535767,-0.03493547947622237,2832
queue,lightgbm_poisson,46,690,0.31176216065228124,0.6254556449480517,76.31032316052381,-0.03534212260028566,2832
queue,lightgbm_poisson,47,705,0.3114277276586373,0.6253280677718391,76.22846367582203,-0.03566126544477481,2832
queue,lightgbm_poisson,48,720,0.31110603438820433,0.6252159495920513,76.1497225053928,-0.03587243012665431,2832
