data,dia_semana,mes,tipo_dia,fator_diario,fator_evento,intensidade_diaria_referencia,chegadas_esperadas,chegadas_observadas,deslocamento_pico_min,tentativas,sessoes_atendidas
2026-01-01,3,1,normal,1.009199,1.000000,43.410105,38.926440,26,17.812098,26,21
2026-01-02,4,1,movimentado,0.898199,1.570820,49.018380,43.419107,39,6.708117,39,15
2026-01-03,5,1,normal,1.006699,1.000000,8.327412,8.142516,13,-1.872439,13,12
2026-01-04,6,1,normal,0.765105,1.000000,2.373356,2.357916,3,9.786983,3,3
2026-01-05,0,1,normal,0.899075,1.000000,33.467178,30.776001,30,0.282111,30,20
2026-01-06,1,1,normal,0.755153,1.000000,33.107111,30.448836,37,13.268209,37,19
2026-01-07,2,1,normal,0.930937,1.000000,42.353905,38.092924,37,13.035282,37,17
2026-01-08,3,1,normal,1.263846,1.000000,54.363591,47.574206,42,2.025925,42,22
2026-01-09,4,1,normal,1.125851,1.000000,39.114751,35.484390,38,0.310631,38,19
2026-01-10,5,1,normal,1.105508,1.000000,9.144759,8.919550,7,8.956869,7,7
2026-01-11,6,1,normal,0.918232,1.000000,2.848354,2.826410,4,-0.851201,4,4
2026-01-12,0,1,movimentado,0.594710,1.637155,36.242531,33.064419,34,18.677721,34,18
2026-01-13,1,1,normal,0.806567,1.000000,35.361200,32.373750,27,-2.862252,27,11
2026-01-14,2,1,normal,0.731847,1.000000,33.296114,30.625729,39,4.135343,39,19
2026-01-15,3,1,normal,0.934922,1.000000,40.215089,36.382861,40,2.346763,40,21
2026-01-16,4,1,normal,0.993444,1.000000,34.514629,31.636952,30,12.256313,30,16
2026-01-17,5,1,normal,1.094125,1.000000,9.050600,8.828427,12,14.479496,12,12
2026-01-18,6,1,normal,0.904556,1.000000,2.805932,2.784696,2,-3.712004,2,2
2026-01-19,0,1,normal,0.780640,1.000000,29.058557,27.010586,27,-0.717592,27,19
2026-01-20,1,1,movimentado,1.815104,1.845573,146.865227,105.437193,122,11.554404,122,25
2026-01-21,2,1,normal,1.266024,1.000000,57.599012,49.986407,55,11.268918,55,21
2026-01-22,3,1,normal,1.091028,1.000000,46.929894,41.810569,45,-9.190021,45,21
2026-01-23,4,1,normal,0.862027,1.000000,29.948877,27.778683,25,-1.555966,25,21
2026-01-24,5,1,normal,0.866490,1.000000,7.167603,7.031033,10,-7.991739,10,10
2026-01-25,6,1,normal,1.265369,1.000000,3.925173,3.882264,4,24.457579,4,4
2026-01-26,0,1,normal,0.771238,1.000000,28.708563,26.695120,29,9.846913,29,20
2026-01-27,1,1,normal,1.263156,1.000000,55.378782,48.277317,41,16.742484,41,16
2026-01-28,2,1,normal,0.768891,1.000000,34.981487,32.040094,29,6.801320,29,17
2026-01-29,3,1,normal,0.790983,1.000000,34.023643,31.231325,36,8.821457,36,21
2026-01-30,4,1,normal,0.714397,1.000000,24.819867,23.311691,26,-1.066161,26,18
2026-01-31,5,1,normal,1.252588,1.000000,10.361404,10.074244,11,5.674824,11,9
2026-02-01,6,2,movimentado,1.262284,1.623040,6.693228,6.570236,6,19.208155,6,6
2026-02-02,0,2,normal,0.932477,1.000000,36.556837,33.378945,39,-8.936028,39,23
2026-02-03,1,2,normal,1.427980,1.000000,65.934982,56.139550,58,10.677131,58,20
2026-02-04,2,2,normal,0.660358,1.000000,31.641705,29.231106,27,-4.211486,27,21
2026-02-05,3,2,normal,0.807477,1.000000,36.580655,33.376860,37,6.206878,37,22
2026-02-06,4,2,normal,0.878165,1.000000,32.132393,29.626602,25,11.365234,25,14
2026-02-07,5,2,normal,0.896089,1.000000,7.806731,7.642895,9,4.637940,9,9
2026-02-08,6,2,normal,0.842202,1.000000,2.751473,2.730549,1,16.931052,1,1
2026-02-09,0,2,normal,1.253042,1.000000,49.124262,43.518037,51,1.790807,51,24
2026-02-10,1,2,normal,0.956494,1.000000,44.164749,39.590525,45,-1.066256,45,18
2026-02-11,2,2,normal,0.956967,1.000000,45.854012,40.905119,42,11.169269,42,23
2026-02-12,3,2,movimentado,1.333280,1.692075,102.202679,80.492402,86,-0.939337,86,26
2026-02-13,4,2,normal,1.568326,1.000000,57.385674,49.865783,64,2.927844,64,25
2026-02-14,5,2,movimentado,0.987738,1.981002,17.046861,16.286174,17,0.606759,17,11
2026-02-15,6,2,normal,0.982069,1.000000,3.208418,3.181017,5,-18.400243,5,5
2026-02-16,0,2,movimentado,1.288868,1.887090,95.352340,76.163675,67,2.703671,67,27
2026-02-17,1,2,normal,1.187105,1.000000,54.812901,47.877707,49,11.210642,49,24
2026-02-18,2,2,normal,1.073180,1.000000,51.422514,45.330616,36,-6.307940,36,25
2026-02-19,3,2,normal,1.029757,1.000000,46.650461,41.578201,46,-2.777187,46,29
2026-02-20,4,2,normal,1.208482,1.000000,44.218828,39.646251,51,-8.527893,51,20
2026-02-21,5,2,normal,1.113482,1.000000,9.700657,9.450168,13,-0.249854,13,11
2026-02-22,6,2,normal,1.156285,1.000000,3.777582,3.738861,4,4.163546,4,4
2026-02-23,0,2,normal,1.346769,1.000000,52.798722,46.261249,49,24.313763,49,20
2026-02-24,1,2,movimentado,0.739126,1.634953,55.797829,48.599950,42,15.928747,42,21
2026-02-25,2,2,normal,0.704807,1.000000,33.771547,31.034402,37,-0.726905,37,13
2026-02-26,3,2,normal,0.878482,1.000000,39.797357,36.001564,45,16.922244,45,22
2026-02-27,4,2,normal,0.756192,1.000000,27.669376,25.800811,25,5.016569,25,16
2026-02-28,5,2,vazio,0.812745,0.250415,1.773099,1.764591,2,-2.956688,2,2
2026-03-01,6,3,normal,1.152368,1.000000,3.954926,3.913190,5,-12.721833,5,5
2026-03-02,0,3,normal,0.641907,1.000000,26.436317,24.731071,30,-0.500514,30,16
2026-03-03,1,3,normal,1.091523,1.000000,52.944965,46.425323,41,15.699188,41,17
2026-03-04,2,3,normal,0.881112,1.000000,44.351664,39.727871,34,4.207142,34,21
2026-03-05,3,3,normal,0.508531,1.000000,24.201182,22.764638,21,-0.194760,21,18
2026-03-06,4,3,normal,0.768351,1.000000,29.534201,27.385454,22,21.600000,22,16
2026-03-07,5,3,movimentado,1.120071,1.950723,19.996651,18.959186,16,-1.257320,16,14
2026-03-08,6,3,normal,1.066389,1.000000,3.659846,3.623289,5,8.879684,5,5
2026-03-09,0,3,normal,1.058906,1.000000,43.609983,39.162104,39,-17.880401,39,18
2026-03-10,1,3,normal,0.790320,1.000000,38.334935,34.858131,35,-18.280749,35,22
2026-03-11,2,3,normal,1.192961,1.000000,60.048882,51.884680,48,-3.204430,48,22
2026-03-12,3,3,normal,0.870268,1.000000,41.416393,37.354129,45,5.891549,45,22
2026-03-13,4,3,normal,1.347335,1.000000,51.789399,45.623894,50,-12.318204,50,29
2026-03-14,5,3,normal,1.000006,1.000000,9.152056,8.929828,15,-4.905731,15,14
2026-03-15,6,3,movimentado,1.101450,1.825997,6.902595,6.772992,7,12.608141,7,7
2026-03-16,0,3,movimentado,0.983074,1.783851,72.222605,60.710262,55,-3.009136,55,23
2026-03-17,1,3,normal,0.988126,1.000000,47.929630,42.580523,32,1.196223,32,20
2026-03-18,2,3,normal,1.481359,1.000000,74.565664,62.385806,60,-13.816625,60,20
2026-03-19,3,3,normal,1.079902,1.000000,51.392980,45.289598,41,0.970915,41,21
2026-03-20,4,3,normal,1.142778,1.000000,43.926541,39.389107,51,3.294561,51,19
2026-03-21,5,3,normal,1.425906,1.000000,13.049890,12.605382,15,-13.118700,15,13
2026-03-22,6,3,movimentado,1.070367,1.686935,6.196954,6.093027,9,7.020535,9,9
2026-03-23,0,3,normal,0.814619,1.000000,33.549272,30.840084,37,3.870090,37,22
2026-03-24,1,3,normal,1.125990,1.000000,54.616841,47.732295,52,10.397587,52,30
2026-03-25,2,3,vazio,1.027353,0.479270,24.784407,23.276093,19,4.227899,19,18
2026-03-26,3,3,movimentado,0.685696,1.846810,60.266056,51.978160,47,11.523756,47,18
2026-03-27,4,3,normal,0.768596,1.000000,29.543599,27.434686,25,-7.623554,25,17
2026-03-28,5,3,normal,0.813000,1.000000,7.440580,7.292361,8,0.043010,8,8
2026-03-29,6,3,normal,1.204766,1.000000,4.134755,4.089274,2,-16.101327,2,2
2026-03-30,0,3,normal,0.967929,1.000000,39.863188,36.090997,35,4.135257,35,17
2026-03-31,1,3,normal,0.849447,1.000000,41.202945,37.191457,31,1.129744,31,20
2026-04-01,2,4,normal,0.864628,1.000000,42.684959,38.360867,42,12.860598,42,18
2026-04-02,3,4,normal,0.869806,1.000000,40.598348,36.681560,32,8.366284,32,20
2026-04-03,4,4,normal,0.657299,1.000000,24.779654,23.271184,21,4.999102,21,16
2026-04-04,5,4,normal,0.841759,1.000000,7.555630,7.399182,6,19.465698,6,6
2026-04-05,6,4,normal,0.770541,1.000000,2.593642,2.575209,1,10.008601,1,1
2026-04-06,0,4,vazio,0.961710,0.304287,11.820166,11.468678,9,-7.349889,9,9
2026-04-07,1,4,normal,0.718775,1.000000,34.194153,31.382880,24,4.456979,24,16
2026-04-08,2,4,normal,1.294290,1.000000,63.896523,54.723398,55,-2.056663,55,25
2026-04-09,3,4,normal,0.863038,1.000000,40.282487,36.420295,32,9.630528,32,22
2026-04-10,4,4,normal,0.946137,1.000000,35.668595,32.602095,34,12.716681,34,18
2026-04-11,5,4,normal,1.054455,1.000000,9.464787,9.229112,9,-13.942638,9,9
2026-04-12,6,4,normal,0.816182,1.000000,2.747269,2.726357,2,18.746233,2,2
2026-04-13,0,4,vazio,0.848598,0.326080,11.176923,10.861411,14,-1.306554,14,12
2026-04-14,1,4,normal,0.689229,1.000000,32.788560,30.203804,23,-1.582304,23,12
2026-04-15,2,4,normal,1.049261,1.000000,51.799896,45.624235,45,-6.810066,45,21
2026-04-16,3,4,normal,0.835335,1.000000,38.989432,35.389542,39,-5.036396,39,16
2026-04-17,4,4,normal,0.890460,1.000000,33.569636,30.849224,34,8.482405,34,17
2026-04-18,5,4,movimentado,1.365061,1.655948,20.289975,19.235047,14,-15.023225,14,12
2026-04-19,6,4,normal,0.894043,1.000000,3.009349,2.984854,1,-0.473530,1,1
2026-04-20,0,4,normal,0.868171,1.000000,35.067165,32.131224,31,-6.471372,31,18
2026-04-21,1,4,normal,0.724961,1.000000,34.488414,31.647439,27,-9.566443,27,17
2026-04-22,2,4,normal,0.901300,1.000000,44.495379,39.868934,35,-9.134924,35,19
2026-04-23,3,4,normal,0.875156,1.000000,40.848097,36.902357,40,1.114075,40,17
2026-04-24,4,4,normal,1.104762,1.000000,41.648652,37.572208,40,-23.823782,40,25
2026-04-25,5,4,normal,0.918052,1.000000,8.240436,8.056496,11,11.907904,11,11
2026-04-26,6,4,normal,1.351172,1.000000,4.548045,4.491549,2,11.267380,2,2
2026-04-27,0,4,normal,1.259241,1.000000,50.863256,44.882936,42,-0.686994,42,24
2026-04-28,1,4,normal,1.314598,1.000000,62.539117,53.735178,57,-4.693461,57,22
2026-04-29,2,4,normal,0.930275,1.000000,45.925829,40.976908,40,6.890795,40,16
2026-04-30,3,4,normal,0.779628,1.000000,36.389307,33.191575,30,16.906280,30,16
2026-05-01,4,5,normal,1.086204,1.000000,39.343183,35.643844,37,12.341910,37,22
2026-05-02,5,5,movimentado,1.089584,1.698002,15.955394,15.280469,15,9.681035,15,15
2026-05-03,6,5,normal,1.142672,1.000000,3.695400,3.658633,3,-3.385407,3,3
2026-05-04,0,5,normal,0.803088,1.000000,31.166253,28.796817,32,14.988161,32,24
2026-05-05,1,5,normal,0.963169,1.000000,44.023740,39.482129,32,-3.584469,32,18
2026-05-06,2,5,normal,0.851843,1.000000,40.404631,36.548864,28,-3.774048,28,19
2026-05-07,3,5,normal,1.033837,1.000000,46.362235,41.299439,33,13.545842,33,14
2026-05-08,4,5,normal,1.472083,1.000000,53.320009,46.771575,50,2.751367,50,17
2026-05-09,5,5,normal,0.651212,1.000000,5.616052,5.531229,5,0.124845,5,5
2026-05-10,6,5,normal,0.773367,1.000000,2.501069,2.483890,3,11.598673,3,3
2026-05-11,0,5,normal,1.111411,1.000000,43.131626,38.693930,34,19.942331,34,14
2026-05-12,1,5,normal,1.087022,1.000000,49.684739,43.962562,50,-0.233210,50,20
2026-05-13,2,5,normal,1.256714,1.000000,59.608470,51.541310,43,0.964321,43,24
2026-05-14,3,5,normal,0.868386,1.000000,38.942617,35.347743,38,-2.712231,38,25
2026-05-15,4,5,normal,1.308639,1.000000,47.399956,42.186293,41,-12.491340,41,22
2026-05-16,5,5,normal,1.056278,1.000000,9.109344,8.884807,12,12.753521,12,12
2026-05-17,6,5,normal,0.838380,1.000000,2.711320,2.691557,4,-7.473961,4,4
2026-05-18,0,5,normal,1.141663,1.000000,44.305674,39.664136,40,12.716446,40,23
2026-05-19,1,5,normal,1.542308,1.000000,70.494582,59.492487,57,-4.379190,57,27
2026-05-20,2,5,normal,1.013145,1.000000,48.055489,42.684729,48,-0.730731,48,16
2026-05-21,3,5,normal,1.110771,1.000000,49.812315,44.074999,50,-5.736169,50,23
2026-05-22,4,5,normal,0.988988,1.000000,35.821921,32.755105,27,0.102145,27,12
2026-05-23,5,5,normal,0.967260,1.000000,8.341650,8.152930,6,13.083262,6,6
2026-05-24,6,5,normal,1.050582,1.000000,3.397582,3.365863,4,13.748627,4,4
2026-05-25,0,5,normal,1.060574,1.000000,41.158764,37.163256,39,-3.090892,39,24
2026-05-26,1,5,normal,1.655664,1.000000,75.675774,63.001733,63,14.142152,63,27
2026-05-27,2,5,normal,0.846337,1.000000,40.143472,36.323926,30,2.515538,30,19
2026-05-28,3,5,normal,0.761812,1.000000,34.163324,31.350519,30,7.999595,30,20
2026-05-29,4,5,normal,0.928444,1.000000,33.628977,30.912950,35,0.093929,35,16
2026-05-30,5,5,normal,0.811163,1.000000,6.995470,6.864566,8,-1.844256,8,8
2026-05-31,6,5,vazio,1.057698,0.282219,0.965356,0.962796,2,8.668647,2,2
2026-06-01,0,6,normal,1.082318,1.000000,44.145594,39.584038,39,-6.023118,39,26
2026-06-02,1,6,normal,1.034822,1.000000,49.712026,43.996000,49,-5.449220,49,25
2026-06-03,2,6,normal,0.979720,1.000000,48.841015,43.319046,38,-9.110591,38,17
2026-06-04,3,6,normal,1.031533,1.000000,48.619052,43.128435,55,-0.782035,55,28
2026-06-05,4,6,movimentado,1.098203,1.819231,76.057081,63.426185,64,-16.553819,64,26
2026-06-06,5,6,normal,0.996336,1.000000,9.030786,8.812575,9,3.078283,9,9
2026-06-07,6,6,normal,1.134337,1.000000,3.855613,3.815046,4,9.158140,4,4
2026-06-08,0,6,normal,0.909614,1.000000,37.101316,33.827173,34,-4.325206,34,20
2026-06-09,1,6,normal,0.814218,1.000000,39.114394,35.450425,36,14.278288,36,21
2026-06-10,2,6,normal,0.966231,1.000000,48.168567,42.786782,36,-7.056541,36,17
2026-06-11,3,6,normal,0.777528,1.000000,36.647087,33.457270,22,-14.317014,22,14
2026-06-12,4,6,normal,0.879110,1.000000,33.466646,30.784791,26,-8.618827,26,18
2026-06-13,5,6,normal,0.778882,1.000000,7.059784,6.922556,5,21.931479,5,5
2026-06-14,6,6,normal,0.962788,1.000000,3.272516,3.243460,7,2.972642,7,6
2026-06-15,0,6,normal,1.109399,1.000000,45.250176,40.466732,41,-4.642097,41,23
2026-06-16,1,6,normal,1.004950,1.000000,48.277017,42.810046,43,13.626115,43,26
2026-06-17,2,6,normal,1.106510,1.000000,55.161739,48.186380,55,1.220058,55,25
2026-06-18,3,6,vazio,1.103524,0.396086,20.601312,19.554332,14,-5.824964,14,12
2026-06-19,4,6,vazio,1.363190,0.376647,19.546118,18.603372,20,-15.079912,20,16
2026-06-20,5,6,vazio,1.004086,0.326240,2.969127,2.944595,5,22.200000,5,5
2026-06-21,6,6,normal,1.015269,1.000000,3.450899,3.418719,3,-0.361471,3,3
2026-06-22,0,6,normal,1.075265,1.000000,43.857910,39.357146,43,-9.425118,43,22
2026-06-23,1,6,normal,0.885797,1.000000,42.552960,38.247646,33,14.784620,33,21
2026-06-24,2,6,normal,0.994546,1.000000,49.580126,43.858988,37,6.650945,37,25
2026-06-25,3,6,movimentado,1.330839,1.812124,113.667653,87.418071,95,-1.697618,95,20
2026-06-26,4,6,normal,1.172951,1.000000,44.652854,39.982483,42,-1.318998,42,22
2026-06-27,5,6,normal,1.269040,1.000000,11.502576,11.154984,5,-9.642815,5,5
2026-06-28,6,6,normal,1.028450,1.000000,3.495702,3.462262,3,10.714121,3,3
2026-06-29,0,6,normal,0.946124,1.000000,38.590498,35.044461,39,4.564221,39,21
2026-06-30,1,6,normal,1.290380,1.000000,61.988814,53.339752,54,-8.886820,54,19
