hora,fila_media_temporal,fila_maxima,intervalos_com_fila_pct
0,0.000000,0,0.000000
1,0.000000,0,0.000000
2,0.000000,0,0.000000
3,0.000000,0,0.000000
4,0.000000,0,0.000000
5,0.000000,0,0.000000
6,0.000000,0,0.000000
7,0.290700,3,21.270718
8,1.444383,3,66.988950
9,0.988029,3,62.430939
10,0.423849,3,39.364641
11,0.373665,3,34.530387
12,0.370442,3,32.044199
13,0.357366,3,31.629834
14,0.651842,3,45.856354
15,0.865838,3,54.419890
16,0.509576,3,42.955801
17,0.216390,3,21.408840
18,0.110037,3,12.983425
19,0.041252,3,4.281768
20,0.000184,1,0.138122
21,0.000000,0,0.000000
22,0.000000,0,0.000000
23,0.000000,0,0.000000
