dia_semana,hora,chegadas,potencia_media_kw,ocupacao_media_pct
0,0,0,0.000000,0.000000
0,1,0,0.000000,0.000000
0,2,0,0.000000,0.000000
0,3,0,0.000000,0.000000
0,4,0,0.000000,0.000000
0,5,0,0.000000,0.000000
0,6,18,2.222889,5.176282
0,7,115,24.794443,54.118590
0,8,202,35.943568,92.852564
0,9,81,30.357612,97.083333
0,10,47,26.687623,92.451923
0,11,52,20.646719,88.621795
0,12,45,17.891982,84.391026
0,13,56,20.289374,87.339744
0,14,107,22.342475,92.612179
0,15,107,31.474113,93.894231
0,16,58,30.453020,91.201923
0,17,47,23.463867,75.464744
0,18,18,18.251797,61.009615
0,19,6,10.498783,43.525641
0,20,0,3.922236,22.419872
0,21,0,1.073190,11.073718
0,22,0,0.038989,5.480769
0,23,0,0.000000,4.070513
1,0,0,0.000000,2.035256
1,1,0,0.000000,0.192308
1,2,0,0.000000,0.000000
1,3,0,0.000000,0.000000
1,4,0,0.000000,0.000000
1,5,0,0.000000,0.000000
1,6,21,2.401755,4.743590
1,7,146,27.894827,60.336538
1,8,241,39.385863,98.701923
1,9,103,28.279311,98.092949
1,10,51,22.187924,93.766026
1,11,53,17.299619,92.163462
1,12,51,17.173158,93.589744
1,13,71,19.623136,90.320513
1,14,126,27.127149,90.657051
1,15,110,30.463012,96.137821
1,16,86,28.627371,87.371795
1,17,49,24.282974,78.541667
1,18,36,21.901587,70.448718
1,19,16,14.564977,51.650641
1,20,0,5.074803,32.772436
1,21,0,1.555360,17.868590
1,22,0,0.506084,9.519231
1,23,0,0.237498,5.961538
2,0,0,0.000000,3.933333
2,1,0,0.000000,0.966667
2,2,0,0.000000,0.000000
2,3,0,0.000000,0.000000
2,4,0,0.000000,0.000000
2,5,0,0.000000,0.000000
2,6,23,3.831823,6.933333
2,7,142,29.839331,60.533333
2,8,197,38.211361,98.550000
2,9,97,28.794605,98.016667
2,10,44,23.600309,94.316667
2,11,37,17.774670,89.400000
2,12,46,11.279302,80.216667
2,13,63,16.152223,87.650000
2,14,105,27.709627,92.616667
2,15,103,28.937121,93.983333
2,16,62,27.644250,87.750000
2,17,31,22.474808,81.183333
2,18,31,19.098883,71.883333
2,19,14,13.637819,55.766667
2,20,0,5.313592,37.433333
2,21,0,1.384730,19.966667
2,22,0,0.000000,11.466667
2,23,0,0.000000,7.783333
3,0,0,0.000000,2.708333
3,1,0,0.000000,0.576923
3,2,0,0.000000,0.000000
3,3,0,0.000000,0.000000
3,4,0,0.000000,0.000000
3,5,0,0.000000,0.000000
3,6,17,1.774800,4.391026
3,7,155,26.997928,56.025641
3,8,210,40.453938,99.246795
3,9,98,29.970024,94.294872
3,10,46,23.865026,88.301282
3,11,58,15.632491,88.060897
3,12,38,15.815727,89.951923
3,13,71,18.717223,83.397436
3,14,111,24.186732,87.131410
3,15,132,27.675470,93.926282
3,16,64,27.819180,90.048077
3,17,33,24.454662,76.394231
3,18,23,15.768076,60.641026
3,19,11,15.130108,48.365385
3,20,0,6.534139,33.605769
3,21,0,2.179042,19.759615
3,22,0,0.837542,13.541667
3,23,0,0.127211,6.842949
4,0,0,0.000000,1.971154
4,1,0,0.000000,0.368590
4,2,0,0.000000,0.000000
4,3,0,0.000000,0.000000
4,4,0,0.000000,0.000000
4,5,0,0.000000,0.000000
4,6,20,3.060994,5.705128
4,7,139,24.889081,53.493590
4,8,197,35.262028,98.381410
4,9,77,28.570565,98.333333
4,10,43,21.959981,91.586538
4,11,43,19.014900,87.868590
4,12,47,14.434733,84.423077
4,13,59,17.704614,82.980769
4,14,92,24.499195,86.554487
4,15,117,31.169101,94.967949
4,16,54,27.658662,91.041667
4,17,24,21.768822,76.698718
4,18,22,14.910020,66.426282
4,19,8,12.044156,51.330128
4,20,0,3.146081,27.628205
4,21,0,0.300079,13.285256
4,22,0,0.000000,6.858974
4,23,0,0.000000,2.980769
5,0,0,0.000000,0.400641
5,1,0,0.000000,0.000000
5,2,0,0.000000,0.000000
5,3,0,0.000000,0.000000
5,4,0,0.000000,0.000000
5,5,0,0.000000,0.000000
5,6,1,0.054198,0.128205
5,7,7,1.188061,2.580128
5,8,57,14.365564,29.487179
5,9,52,25.237692,62.035256
5,10,15,20.274457,62.163462
5,11,6,10.103747,42.548077
5,12,9,4.882597,30.256410
5,13,17,7.218913,30.785256
5,14,31,13.652403,44.391026
5,15,26,15.432495,52.483974
5,16,17,13.978926,46.041667
5,17,11,7.801735,35.625000
5,18,5,4.167423,22.131410
5,19,4,4.171775,16.490385
5,20,0,1.898579,9.423077
5,21,0,0.673936,4.903846
5,22,0,0.185605,2.243590
5,23,0,0.000000,1.185897
6,0,0,0.000000,0.480769
6,1,0,0.000000,0.000000
6,2,0,0.000000,0.000000
6,3,0,0.000000,0.000000
6,4,0,0.000000,0.000000
6,5,0,0.000000,0.000000
6,6,0,0.000000,0.000000
6,7,1,0.013892,0.032051
6,8,15,3.800998,9.102564
6,9,23,9.588178,25.432692
6,10,9,9.693930,26.522436
6,11,3,4.614269,15.769231
6,12,4,3.179626,12.099359
6,13,7,3.144542,10.913462
6,14,13,4.928734,14.230769
6,15,9,7.023748,18.285256
6,16,9,5.349865,19.775641
6,17,2,3.043552,13.926282
6,18,1,1.226408,9.086538
6,19,0,0.691582,6.650641
6,20,0,0.000000,3.301282
6,21,0,0.000000,0.689103
6,22,0,0.000000,0.000000
6,23,0,0.000000,0.000000
