hora,chegadas,potencia_media_kw,ocupacao_media_pct,chegadas_medias_por_hora_dia
0,0,0.000000,1.634438,0.000000
1,0,0.000000,0.296961,0.000000
2,0,0.000000,0.000000,0.000000
3,0,0.000000,0.000000,0.000000
4,0,0.000000,0.000000,0.000000
5,0,0.000000,0.000000,0.000000
6,100,1.896001,3.851289,0.552486
7,705,19.316118,40.909300,3.895028
8,1119,29.584503,75.059853,6.182320
9,531,25.811895,81.809392,2.933702
10,255,21.167957,78.356354,1.408840
11,252,14.997084,71.965930,1.392265
12,240,12.098375,67.778545,1.325967
13,344,14.684798,67.516114,1.900552
14,585,20.596102,72.488490,3.232044
15,604,24.572455,77.578269,3.337017
16,350,23.050657,73.238950,1.933702
17,197,18.160642,62.444751,1.088398
18,136,13.587460,51.549263,0.751381
19,59,10.086085,39.019337,0.325967
20,0,3.689567,23.722376,0.000000
21,0,1.021768,12.465470,0.000000
22,0,0.225269,6.991252,0.000000
23,0,0.052389,4.097606,0.000000
